product_id,snapshot_date,stock_on_hand,stockout
1,2024-01-01,11,0
1,2024-01-08,9,0
1,2024-01-15,6,0
1,2024-01-22,4,0
1,2024-01-29,2,0
1,2024-02-05,0,0
1,2024-02-12,16,0
1,2024-02-19,13,0
1,2024-02-26,10,0
1,2024-03-04,7,0
1,2024-03-11,3,0
1,2024-03-18,0,1
1,2024-03-25,0,1
1,2024-04-01,0,1
1,2024-04-08,17,0
1,2024-04-15,13,0
1,2024-04-22,9,0
1,2024-04-29,7,0
1,2024-05-06,4,0
1,2024-05-13,0,0
1,2024-05-20,0,1
1,2024-05-27,0,1
1,2024-06-03,0,1
1,2024-06-10,17,0
1,2024-06-17,14,0
1,2024-06-24,10,0
1,2024-07-01,7,0
1,2024-07-08,5,0
1,2024-07-15,3,0
1,2024-07-22,2,0
1,2024-07-29,0,1
1,2024-08-05,14,0
1,2024-08-12,11,0
1,2024-08-19,8,0
1,2024-08-26,6,0
1,2024-09-02,3,0
1,2024-09-09,2,0
1,2024-09-16,0,0
1,2024-09-23,15,0
1,2024-09-30,13,0
1,2024-10-07,9,0
1,2024-10-14,6,0
1,2024-10-21,1,0
1,2024-10-28,0,1
1,2024-11-04,0,1
1,2024-11-11,16,0
1,2024-11-18,14,0
1,2024-11-25,11,0
1,2024-12-02,8,0
1,2024-12-09,6,0
1,2024-12-16,4,0
1,2024-12-23,1,0
2,2024-01-01,45,0
2,2024-01-08,32,0
2,2024-01-15,18,0
2,2024-01-22,75,0
2,2024-01-29,68,0
2,2024-02-05,59,0
2,2024-02-12,46,0
2,2024-02-19,35,0
2,2024-02-26,22,0
2,2024-03-04,6,0
2,2024-03-11,0,1
2,2024-03-18,58,0
2,2024-03-25,44,0
2,2024-04-01,33,0
2,2024-04-08,20,0
2,2024-04-15,72,0
2,2024-04-22,65,0
2,2024-04-29,50,0
2,2024-05-06,-38,0
2,2024-05-13,28,0
2,2024-05-20,16,0
2,2024-05-27,71,0
2,2024-06-03,60,0
2,2024-06-10,47,0
2,2024-06-17,32,0
2,2024-06-24,21,0
2,2024-07-01,6,0
2,2024-07-08,0,1
2,2024-07-15,55,0
2,2024-07-22,44,0
2,2024-07-29,37,0
2,2024-08-05,31,0
2,2024-08-12,20,0
2,2024-08-19,12,0
2,2024-08-26,2,0
2,2024-09-02,59,0
2,2024-09-09,54,0
2,2024-09-16,42,0
2,2024-09-23,33,0
2,2024-09-30,22,0
2,2024-10-07,14,0
2,2024-10-14,71,0
2,2024-10-21,55,0
2,2024-10-28,44,0
2,2024-11-04,32,0
2,2024-11-11,26,0
2,2024-11-18,8,0
2,2024-11-25,57,0
2,2024-12-02,42,0
2,2024-12-09,29,0
2,2024-12-16,18,0
2,2024-12-23,72,0
3,2024-01-01,18,0
3,2024-01-08,14,0
3,2024-01-15,10,0
3,2024-01-22,8,0
3,2024-01-29,5,0
3,2024-02-05,0,1
3,2024-02-12,26,0
3,2024-02-19,22,0
3,2024-02-26,17,0
3,2024-03-04,15,0
3,2024-03-11,9,0
3,2024-03-18,3,0
3,2024-03-25,0,1
3,2024-04-01,0,1
3,2024-04-08,27,0
3,2024-04-15,20,0
3,2024-04-22,17,0
3,2024-04-29,14,0
3,2024-05-06,10,0
3,2024-05-13,3,0
3,2024-05-20,0,1
3,2024-05-27,0,1
3,2024-06-03,0,1
3,2024-06-10,0,1
3,2024-06-17,28,0
3,2024-06-24,25,0
3,2024-07-01,18,0
3,2024-07-08,12,0
3,2024-07-15,8,0
3,2024-07-22,4,0
3,2024-07-29,0,1
3,2024-08-05,0,1
3,2024-08-12,25,0
3,2024-08-19,19,0
3,2024-08-26,15,0
3,2024-09-02,10,0
3,2024-09-09,5,0
3,2024-09-16,0,0
3,2024-09-23,0,1
3,2024-09-30,24,0
3,2024-10-07,20,0
3,2024-10-14,12,0
3,2024-10-21,6,0
3,2024-10-28,1,0
3,2024-11-04,0,1
3,2024-11-11,0,1
3,2024-11-18,26,0
3,2024-11-25,21,0
3,2024-12-02,15,0
3,2024-12-09,11,0
3,2024-12-16,7,0
3,2024-12-23,3,0
4,2024-01-01,8,0
4,2024-01-08,6,0
4,2024-01-15,4,0
4,2024-01-22,14,0
4,2024-01-29,13,0
4,2024-02-05,11,0
4,2024-02-12,9,0
4,2024-02-19,8,0
4,2024-02-26,8,0
4,2024-03-04,7,0
4,2024-03-11,6,0
4,2024-03-18,4,0
4,2024-03-25,14,0
4,2024-04-01,13,0
4,2024-04-08,12,0
4,2024-04-15,10,0
4,2024-04-22,8,0
4,2024-04-29,6,0
4,2024-05-06,5,0
4,2024-05-13,-4,0
4,2024-05-20,14,0
4,2024-05-27,12,0
4,2024-06-03,11,0
4,2024-06-10,-11,0
4,2024-06-17,7,0
4,2024-06-24,5,0
4,2024-07-01,5,0
4,2024-07-08,4,0
4,2024-07-15,14,0
4,2024-07-22,13,0
4,2024-07-29,11,0
4,2024-08-05,9,0
4,2024-08-12,8,0
4,2024-08-19,7,0
4,2024-08-26,7,0
4,2024-09-02,4,0
4,2024-09-09,15,0
4,2024-09-16,13,0
4,2024-09-23,11,0
4,2024-09-30,9,0
4,2024-10-07,8,0
4,2024-10-14,6,0
4,2024-10-21,4,0
4,2024-10-28,14,0
4,2024-11-04,12,0
4,2024-11-11,11,0
4,2024-11-18,10,0
4,2024-11-25,8,0
4,2024-12-02,8,0
4,2024-12-09,-7,0
4,2024-12-16,5,0
4,2024-12-23,4,0
5,2024-01-01,26,0
5,2024-01-08,21,0
5,2024-01-15,13,0
5,2024-01-22,6,0
5,2024-01-29,0,0
5,2024-02-05,0,1
5,2024-02-12,33,0
5,2024-02-19,29,0
5,2024-02-26,24,0
5,2024-03-04,18,0
5,2024-03-11,12,0
5,2024-03-18,5,0
5,2024-03-25,0,1
5,2024-04-01,0,1
5,2024-04-08,26,0
5,2024-04-15,20,0
5,2024-04-22,15,0
5,2024-04-29,6,0
5,2024-05-06,0,1
5,2024-05-13,0,1
5,2024-05-20,0,1
5,2024-05-27,29,0
5,2024-06-03,26,0
5,2024-06-10,19,0
5,2024-06-17,14,0
5,2024-06-24,11,0
5,2024-07-01,4,0
5,2024-07-08,2,0
5,2024-07-15,36,0
5,2024-07-22,30,0
5,2024-07-29,23,0
5,2024-08-05,16,0
5,2024-08-12,9,0
5,2024-08-19,1,0
5,2024-08-26,0,1
5,2024-09-02,0,1
5,2024-09-09,0,1
5,2024-09-16,31,0
5,2024-09-23,25,0
5,2024-09-30,21,0
5,2024-10-07,15,0
5,2024-10-14,10,0
5,2024-10-21,4,0
5,2024-10-28,0,1
5,2024-11-04,0,1
5,2024-11-11,32,0
5,2024-11-18,27,0
5,2024-11-25,22,0
5,2024-12-02,16,0
5,2024-12-09,10,0
5,2024-12-16,2,0
5,2024-12-23,0,1
6,2024-01-01,94,0
6,2024-01-08,83,0
6,2024-01-15,70,0
6,2024-01-22,44,0
6,2024-01-29,152,0
6,2024-02-05,119,0
6,2024-02-12,102,0
6,2024-02-19,82,0
6,2024-02-26,58,0
6,2024-03-04,21,0
6,2024-03-11,136,0
6,2024-03-18,103,0
6,2024-03-25,79,0
6,2024-04-01,49,0
6,2024-04-08,157,0
6,2024-04-15,133,0
6,2024-04-22,118,0
6,2024-04-29,97,0
6,2024-05-06,64,0
6,2024-05-13,35,0
6,2024-05-20,153,0
6,2024-05-27,133,0
6,2024-06-03,122,0
6,2024-06-10,90,0
6,2024-06-17,61,0
6,2024-06-24,39,0
6,2024-07-01,15,0
6,2024-07-08,7,0
6,2024-07-15,126,0
6,2024-07-22,94,0
6,2024-07-29,65,0
6,2024-08-05,40,0
6,2024-08-12,156,0
6,2024-08-19,128,0
6,2024-08-26,107,0
6,2024-09-02,96,0
6,2024-09-09,74,0
6,2024-09-16,49,0
6,2024-09-23,157,0
6,2024-09-30,144,0
6,2024-10-07,122,0
6,2024-10-14,100,0
6,2024-10-21,85,0
6,2024-10-28,59,0
6,2024-11-04,31,0
6,2024-11-11,149,0
6,2024-11-18,112,0
6,2024-11-25,92,0
6,2024-12-02,73,0
6,2024-12-09,54,0
6,2024-12-16,175,0
6,2024-12-23,156,0
7,2024-01-01,45,0
7,2024-01-08,36,0
7,2024-01-15,26,0
7,2024-01-22,23,0
7,2024-01-29,14,0
7,2024-02-05,4,0
7,2024-02-12,-1,1
7,2024-02-19,47,0
7,2024-02-26,35,0
7,2024-03-04,27,0
7,2024-03-11,20,0
7,2024-03-18,9,0
7,2024-03-25,1,0
7,2024-04-01,0,1
7,2024-04-08,0,1
7,2024-04-15,0,1
7,2024-04-22,52,0
7,2024-04-29,49,0
7,2024-05-06,37,0
7,2024-05-13,30,0
7,2024-05-20,20,0
7,2024-05-27,8,0
7,2024-06-03,1,0
7,2024-06-10,0,1
7,2024-06-17,0,1
7,2024-06-24,0,1
7,2024-07-01,53,0
7,2024-07-08,46,0
7,2024-07-15,37,0
7,2024-07-22,28,0
7,2024-07-29,22,0
7,2024-08-05,14,0
7,2024-08-12,7,0
7,2024-08-19,0,1
7,2024-08-26,50,0
7,2024-09-02,38,0
7,2024-09-09,25,0
7,2024-09-16,14,0
7,2024-09-23,7,0
7,2024-09-30,0,1
7,2024-10-07,0,1
7,2024-10-14,47,0
7,2024-10-21,39,0
7,2024-10-28,25,0
7,2024-11-04,17,0
7,2024-11-11,10,0
7,2024-11-18,0,1
7,2024-11-25,0,1
7,2024-12-02,56,0
7,2024-12-09,44,0
7,2024-12-16,34,0
7,2024-12-23,24,0
8,2024-01-01,4,0
8,2024-01-08,4,0
8,2024-01-15,4,0
8,2024-01-22,4,0
8,2024-01-29,4,0
8,2024-02-05,4,0
8,2024-02-12,4,0
8,2024-02-19,4,0
8,2024-02-26,4,0
8,2024-03-04,3,0
8,2024-03-11,2,0
8,2024-03-18,2,0
8,2024-03-25,1,0
8,2024-04-01,0,0
8,2024-04-08,0,0
8,2024-04-15,0,0
8,2024-04-22,5,0
8,2024-04-29,4,0
8,2024-05-06,3,0
8,2024-05-13,2,0
8,2024-05-20,1,0
8,2024-05-27,1,0
8,2024-06-03,1,0
8,2024-06-10,7,0
8,2024-06-17,6,0
8,2024-06-24,6,0
8,2024-07-01,6,0
8,2024-07-08,6,0
8,2024-07-15,6,0
8,2024-07-22,5,0
8,2024-07-29,5,0
8,2024-08-05,4,0
8,2024-08-12,3,0
8,2024-08-19,3,0
8,2024-08-26,3,0
8,2024-09-02,3,0
8,2024-09-09,3,0
8,2024-09-16,2,0
8,2024-09-23,1,0
8,2024-09-30,0,0
8,2024-10-07,0,0
8,2024-10-14,5,0
8,2024-10-21,5,0
8,2024-10-28,5,0
8,2024-11-04,-5,0
8,2024-11-11,3,0
8,2024-11-18,2,0
8,2024-11-25,1,0
8,2024-12-02,1,0
8,2024-12-09,0,0
8,2024-12-16,6,0
8,2024-12-23,5,0
9,2024-01-01,9,0
9,2024-01-08,8,0
9,2024-01-15,6,0
9,2024-01-22,4,0
9,2024-01-29,4,0
9,2024-02-05,2,0
9,2024-02-12,1,0
9,2024-02-19,11,0
9,2024-02-26,10,0
9,2024-03-04,8,0
9,2024-03-11,7,0
9,2024-03-18,7,0
9,2024-03-25,5,0
9,2024-04-01,4,0
9,2024-04-08,3,0
9,2024-04-15,1,0
9,2024-04-22,0,0
9,2024-04-29,10,0
9,2024-05-06,8,0
9,2024-05-13,6,0
9,2024-05-20,5,0
9,2024-05-27,3,0
9,2024-06-03,1,0
9,2024-06-10,0,1
9,2024-06-17,0,1
9,2024-06-24,11,0
9,2024-07-01,9,0
9,2024-07-08,7,0
9,2024-07-15,5,0
9,2024-07-22,3,0
9,2024-07-29,2,0
9,2024-08-05,0,0
9,2024-08-12,0,1
9,2024-08-19,11,0
9,2024-08-26,9,0
9,2024-09-02,7,0
9,2024-09-09,6,0
9,2024-09-16,4,0
9,2024-09-23,2,0
9,2024-09-30,1,0
9,2024-10-07,0,0
9,2024-10-14,11,0
9,2024-10-21,9,0
9,2024-10-28,7,0
9,2024-11-04,5,0
9,2024-11-11,3,0
9,2024-11-18,2,0
9,2024-11-25,0,0
9,2024-12-02,0,1
9,2024-12-09,11,0
9,2024-12-16,9,0
9,2024-12-23,7,0
10,2024-01-01,188,0
10,2024-01-08,175,0
10,2024-01-15,129,0
10,2024-01-22,51,0
10,2024-01-29,10,0
10,2024-02-05,0,1
10,2024-02-12,0,1
10,2024-02-19,213,0
10,2024-02-26,167,0
10,2024-03-04,118,0
10,2024-03-11,71,0
10,2024-03-18,43,0
10,2024-03-25,17,0
10,2024-04-01,0,1
10,2024-04-08,218,0
10,2024-04-15,173,0
10,2024-04-22,131,0
10,2024-04-29,77,0
10,2024-05-06,0,0
10,2024-05-13,0,1
10,2024-05-20,0,1
10,2024-05-27,0,1
10,2024-06-03,206,0
10,2024-06-10,170,0
10,2024-06-17,115,0
10,2024-06-24,102,0
10,2024-07-01,62,0
10,2024-07-08,10,0
10,2024-07-15,0,1
10,2024-07-22,231,0
10,2024-07-29,207,0
10,2024-08-05,167,0
10,2024-08-12,138,0
10,2024-08-19,96,0
10,2024-08-26,53,0
10,2024-09-02,27,0
10,2024-09-09,0,1
10,2024-09-16,223,0
10,2024-09-23,165,0
10,2024-09-30,146,0
10,2024-10-07,116,0
10,2024-10-14,66,0
10,2024-10-21,33,0
10,2024-10-28,0,1
10,2024-11-04,0,1
10,2024-11-11,218,0
10,2024-11-18,183,0
10,2024-11-25,138,0
10,2024-12-02,105,0
10,2024-12-09,53,0
10,2024-12-16,11,0
10,2024-12-23,0,1
11,2024-01-01,78,0
11,2024-01-08,62,0
11,2024-01-15,29,0
11,2024-01-22,25,0
11,2024-01-29,16,0
11,2024-02-05,1,0
11,2024-02-12,130,0
11,2024-02-19,105,0
11,2024-02-26,79,0
11,2024-03-04,57,0
11,2024-03-11,35,0
11,2024-03-18,8,0
11,2024-03-25,0,1
11,2024-04-01,0,1
11,2024-04-08,0,1
11,2024-04-15,121,0
11,2024-04-22,94,0
11,2024-04-29,76,0
11,2024-05-06,53,0
11,2024-05-13,29,0
11,2024-05-20,11,0
11,2024-05-27,0,1
11,2024-06-03,120,0
11,2024-06-10,97,0
11,2024-06-17,70,0
11,2024-06-24,54,0
11,2024-07-01,33,0
11,2024-07-08,11,0
11,2024-07-15,0,1
11,2024-07-22,127,0
11,2024-07-29,102,0
11,2024-08-05,77,0
11,2024-08-12,42,0
11,2024-08-19,26,0
11,2024-08-26,7,0
11,2024-09-02,0,1
11,2024-09-09,133,0
11,2024-09-16,97,0
11,2024-09-23,82,0
11,2024-09-30,64,0
11,2024-10-07,31,0
11,2024-10-14,20,0
11,2024-10-21,0,1
11,2024-10-28,0,1
11,2024-11-04,112,0
11,2024-11-11,104,0
11,2024-11-18,93,0
11,2024-11-25,73,0
11,2024-12-02,43,0
11,2024-12-09,20,0
11,2024-12-16,0,1
11,2024-12-23,0,1
12,2024-01-01,3,0
12,2024-01-08,2,0
12,2024-01-15,2,0
12,2024-01-22,2,0
12,2024-01-29,2,0
12,2024-02-05,1,0
12,2024-02-12,1,0
12,2024-02-19,0,0
12,2024-02-26,0,1
12,2024-03-04,5,0
12,2024-03-11,5,0
12,2024-03-18,4,0
12,2024-03-25,3,0
12,2024-04-01,2,0
12,2024-04-08,2,0
12,2024-04-15,1,0
12,2024-04-22,1,0
12,2024-04-29,0,0
12,2024-05-06,5,0
12,2024-05-13,5,0
12,2024-05-20,5,0
12,2024-05-27,4,0
12,2024-06-03,4,0
12,2024-06-10,3,0
12,2024-06-17,3,0
12,2024-06-24,3,0
12,2024-07-01,2,0
12,2024-07-08,2,0
12,2024-07-15,1,0
12,2024-07-22,1,0
12,2024-07-29,0,0
12,2024-08-05,6,0
12,2024-08-12,5,0
12,2024-08-19,4,0
12,2024-08-26,3,0
12,2024-09-02,3,0
12,2024-09-09,3,0
12,2024-09-16,3,0
12,2024-09-23,3,0
12,2024-09-30,2,0
12,2024-10-07,2,0
12,2024-10-14,1,0
12,2024-10-21,0,0
12,2024-10-28,0,0
12,2024-11-04,0,1
12,2024-11-11,0,0
12,2024-11-18,6,0
12,2024-11-25,6,0
12,2024-12-02,5,0
12,2024-12-09,4,0
12,2024-12-16,4,0
12,2024-12-23,3,0
13,2024-01-01,37,0
13,2024-01-08,27,0
13,2024-01-15,23,0
13,2024-01-22,16,0
13,2024-01-29,6,0
13,2024-02-05,0,1
13,2024-02-12,0,1
13,2024-02-19,39,0
13,2024-02-26,28,0
13,2024-03-04,18,0
13,2024-03-11,12,0
13,2024-03-18,3,0
13,2024-03-25,0,1
13,2024-04-01,41,0
13,2024-04-08,32,0
13,2024-04-15,24,0
13,2024-04-22,15,0
13,2024-04-29,8,0
13,2024-05-06,0,1
13,2024-05-13,0,1
13,2024-05-20,42,0
13,2024-05-27,32,0
13,2024-06-03,28,0
13,2024-06-10,19,0
13,2024-06-17,14,0
13,2024-06-24,3,0
13,2024-07-01,0,1
13,2024-07-08,40,0
13,2024-07-15,32,0
13,2024-07-22,29,0
13,2024-07-29,23,0
13,2024-08-05,13,0
13,2024-08-12,3,0
13,2024-08-19,0,1
13,2024-08-26,0,1
13,2024-09-02,39,0
13,2024-09-09,30,0
13,2024-09-16,22,0
13,2024-09-23,12,0
13,2024-09-30,6,0
13,2024-10-07,0,0
13,2024-10-14,0,1
13,2024-10-21,38,0
13,2024-10-28,30,0
13,2024-11-04,27,0
13,2024-11-11,24,0
13,2024-11-18,19,0
13,2024-11-25,10,0
13,2024-12-02,3,0
13,2024-12-09,0,1
13,2024-12-16,43,0
13,2024-12-23,38,0
14,2024-01-01,46,0
14,2024-01-08,40,0
14,2024-01-15,34,0
14,2024-01-22,22,0
14,2024-01-29,13,0
14,2024-02-05,6,0
14,2024-02-12,0,1
14,2024-02-19,52,0
14,2024-02-26,39,0
14,2024-03-04,25,0
14,2024-03-11,20,0
14,2024-03-18,10,0
14,2024-03-25,2,0
14,2024-04-01,0,1
14,2024-04-08,49,0
14,2024-04-15,41,0
14,2024-04-22,33,0
14,2024-04-29,24,0
14,2024-05-06,16,0
14,2024-05-13,10,0
14,2024-05-20,0,1
14,2024-05-27,47,0
14,2024-06-03,36,0
14,2024-06-10,28,0
14,2024-06-17,21,0
14,2024-06-24,14,0
14,2024-07-01,0,1
14,2024-07-08,0,1
14,2024-07-15,53,0
14,2024-07-22,43,0
14,2024-07-29,35,0
14,2024-08-05,24,0
14,2024-08-12,13,0
14,2024-08-19,0,0
14,2024-08-26,0,1
14,2024-09-02,0,1
14,2024-09-09,56,0
14,2024-09-16,50,0
14,2024-09-23,38,0
14,2024-09-30,31,0
14,2024-10-07,24,0
14,2024-10-14,15,0
14,2024-10-21,3,0
14,2024-10-28,0,1
14,2024-11-04,60,0
14,2024-11-11,53,0
14,2024-11-18,40,0
14,2024-11-25,29,0
14,2024-12-02,16,0
14,2024-12-09,10,0
14,2024-12-16,5,0
14,2024-12-23,0,1
15,2024-01-01,142,0
15,2024-01-08,103,0
15,2024-01-15,57,0
15,2024-01-22,233,0
15,2024-01-29,193,0
15,2024-02-05,150,0
15,2024-02-12,-110,0
15,2024-02-19,64,0
15,2024-02-26,18,0
15,2024-03-04,0,1
15,2024-03-11,188,0
15,2024-03-18,147,0
15,2024-03-25,115,0
15,2024-04-01,89,0
15,2024-04-08,61,0
15,2024-04-15,236,0
15,2024-04-22,196,0
15,2024-04-29,156,0
15,2024-05-06,123,0
15,2024-05-13,87,0
15,2024-05-20,43,0
15,2024-05-27,240,0
15,2024-06-03,204,0
15,2024-06-10,168,0
15,2024-06-17,124,0
15,2024-06-24,103,0
15,2024-07-01,51,0
15,2024-07-08,229,0
15,2024-07-15,191,0
15,2024-07-22,160,0
15,2024-07-29,119,0
15,2024-08-05,83,0
15,2024-08-12,250,0
15,2024-08-19,230,0
15,2024-08-26,193,0
15,2024-09-02,153,0
15,2024-09-09,120,0
15,2024-09-16,89,0
15,2024-09-23,273,0
15,2024-09-30,236,0
15,2024-10-07,220,0
15,2024-10-14,174,0
15,2024-10-21,144,0
15,2024-10-28,107,0
15,2024-11-04,68,0
15,2024-11-11,254,0
15,2024-11-18,220,0
15,2024-11-25,206,0
15,2024-12-02,163,0
15,2024-12-09,116,0
15,2024-12-16,99,0
15,2024-12-23,68,0
16,2024-01-01,70,0
16,2024-01-08,55,0
16,2024-01-15,36,0
16,2024-01-22,112,0
16,2024-01-29,91,0
16,2024-02-05,69,0
16,2024-02-12,55,0
16,2024-02-19,45,0
16,2024-02-26,30,0
16,2024-03-04,11,0
16,2024-03-11,97,0
16,2024-03-18,74,0
16,2024-03-25,54,0
16,2024-04-01,39,0
16,2024-04-08,27,0
16,2024-04-15,111,0
16,2024-04-22,95,0
16,2024-04-29,81,0
16,2024-05-06,61,0
16,2024-05-13,47,0
16,2024-05-20,29,0
16,2024-05-27,110,0
16,2024-06-03,93,0
16,2024-06-10,79,0
16,2024-06-17,60,0
16,2024-06-24,41,0
16,2024-07-01,23,0
16,2024-07-08,5,0
16,2024-07-15,0,1
16,2024-07-22,79,0
16,2024-07-29,58,0
16,2024-08-05,40,0
16,2024-08-12,29,0
16,2024-08-19,14,0
16,2024-08-26,0,1
16,2024-09-02,84,0
16,2024-09-09,-76,0
16,2024-09-16,61,0
16,2024-09-23,49,0
16,2024-09-30,34,0
16,2024-10-07,26,0
16,2024-10-14,104,0
16,2024-10-21,92,0
16,2024-10-28,72,0
16,2024-11-04,58,0
16,2024-11-11,43,0
16,2024-11-18,28,0
16,2024-11-25,112,0
16,2024-12-02,85,0
16,2024-12-09,72,0
16,2024-12-16,52,0
16,2024-12-23,42,0
17,2024-01-01,42,0
17,2024-01-08,30,0
17,2024-01-15,20,0
17,2024-01-22,77,0
17,2024-01-29,67,0
17,2024-02-05,58,0
17,2024-02-12,40,0
17,2024-02-19,30,0
17,2024-02-26,18,0
17,2024-03-04,2,0
17,2024-03-11,0,1
17,2024-03-18,55,0
17,2024-03-25,45,0
17,2024-04-01,35,0
17,2024-04-08,25,0
17,2024-04-15,83,0
17,2024-04-22,72,0
17,2024-04-29,65,0
17,2024-05-06,51,0
17,2024-05-13,38,0
17,2024-05-20,29,0
17,2024-05-27,20,0
17,2024-06-03,75,0
17,2024-06-10,67,0
17,2024-06-17,51,0
17,2024-06-24,39,0
17,2024-07-01,27,0
17,2024-07-08,14,0
17,2024-07-15,71,0
17,2024-07-22,57,0
17,2024-07-29,46,0
17,2024-08-05,32,0
17,2024-08-12,22,0
17,2024-08-19,73,0
17,2024-08-26,61,0
17,2024-09-02,43,0
17,2024-09-09,34,0
17,2024-09-16,23,0
17,2024-09-23,82,0
17,2024-09-30,73,0
17,2024-10-07,60,0
17,2024-10-14,46,0
17,2024-10-21,26,0
17,2024-10-28,16,0
17,2024-11-04,9,0
17,2024-11-11,62,0
17,2024-11-18,55,0
17,2024-11-25,43,0
17,2024-12-02,34,0
17,2024-12-09,23,0
17,2024-12-16,75,0
17,2024-12-23,65,0
18,2024-01-01,11,0
18,2024-01-08,8,0
18,2024-01-15,7,0
18,2024-01-22,5,0
18,2024-01-29,4,0
18,2024-02-05,18,0
18,2024-02-12,16,0
18,2024-02-19,12,0
18,2024-02-26,11,0
18,2024-03-04,9,0
18,2024-03-11,6,0
18,2024-03-18,3,0
18,2024-03-25,18,0
18,2024-04-01,17,0
18,2024-04-08,13,0
18,2024-04-15,10,0
18,2024-04-22,7,0
18,2024-04-29,5,0
18,2024-05-06,2,0
18,2024-05-13,0,0
18,2024-05-20,17,0
18,2024-05-27,15,0
18,2024-06-03,13,0
18,2024-06-10,10,0
18,2024-06-17,10,0
18,2024-06-24,7,0
18,2024-07-01,6,0
18,2024-07-08,3,0
18,2024-07-15,18,0
18,2024-07-22,16,0
18,2024-07-29,13,0
18,2024-08-05,12,0
18,2024-08-12,9,0
18,2024-08-19,7,0
18,2024-08-26,6,0
18,2024-09-02,22,0
18,2024-09-09,21,0
18,2024-09-16,18,0
18,2024-09-23,16,0
18,2024-09-30,12,0
18,2024-10-07,9,0
18,2024-10-14,8,0
18,2024-10-21,6,0
18,2024-10-28,3,0
18,2024-11-04,18,0
18,2024-11-11,14,0
18,2024-11-18,10,0
18,2024-11-25,8,0
18,2024-12-02,5,0
18,2024-12-09,19,0
18,2024-12-16,17,0
18,2024-12-23,14,0
19,2024-01-01,91,0
19,2024-01-08,73,0
19,2024-01-15,51,0
19,2024-01-22,34,0
19,2024-01-29,13,0
19,2024-02-05,130,0
19,2024-02-12,110,0
19,2024-02-19,86,0
19,2024-02-26,68,0
19,2024-03-04,46,0
19,2024-03-11,24,0
19,2024-03-18,0,0
19,2024-03-25,111,0
19,2024-04-01,82,0
19,2024-04-08,74,0
19,2024-04-15,33,0
19,2024-04-22,17,0
19,2024-04-29,125,0
19,2024-05-06,110,0
19,2024-05-13,84,0
19,2024-05-20,61,0
19,2024-05-27,44,0
19,2024-06-03,147,0
19,2024-06-10,127,0
19,2024-06-17,102,0
19,2024-06-24,87,0
19,2024-07-01,66,0
19,2024-07-08,31,0
19,2024-07-15,3,0
19,2024-07-22,111,0
19,2024-07-29,92,0
19,2024-08-05,70,0
19,2024-08-12,47,0
19,2024-08-19,155,0
19,2024-08-26,141,0
19,2024-09-02,115,0
19,2024-09-09,101,0
19,2024-09-16,69,0
19,2024-09-23,53,0
19,2024-09-30,162,0
19,2024-10-07,134,0
19,2024-10-14,114,0
19,2024-10-21,90,0
19,2024-10-28,59,0
19,2024-11-04,34,0
19,2024-11-11,10,0
19,2024-11-18,0,0
19,2024-11-25,117,0
19,2024-12-02,89,0
19,2024-12-09,64,0
19,2024-12-16,38,0
19,2024-12-23,144,0
20,2024-01-01,119,0
20,2024-01-08,89,0
20,2024-01-15,55,0
20,2024-01-22,33,0
20,2024-01-29,13,0
20,2024-02-05,195,0
20,2024-02-12,171,0
20,2024-02-19,123,0
20,2024-02-26,106,0
20,2024-03-04,77,0
20,2024-03-11,57,0
20,2024-03-18,228,0
20,2024-03-25,194,0
20,2024-04-01,168,0
20,2024-04-08,125,0
20,2024-04-15,77,0
20,2024-04-22,67,0
20,2024-04-29,41,0
20,2024-05-06,8,0
20,2024-05-13,162,0
20,2024-05-20,134,0
20,2024-05-27,102,0
20,2024-06-03,81,0
20,2024-06-10,64,0
20,2024-06-17,17,0
20,2024-06-24,201,0
20,2024-07-01,145,0
20,2024-07-08,105,0
20,2024-07-15,66,0
20,2024-07-22,28,0
20,2024-07-29,196,0
20,2024-08-05,160,0
20,2024-08-12,129,0
20,2024-08-19,91,0
20,2024-08-26,59,0
20,2024-09-02,36,0
20,2024-09-09,210,0
20,2024-09-16,187,0
20,2024-09-23,145,0
20,2024-09-30,119,0
20,2024-10-07,105,0
20,2024-10-14,-70,0
20,2024-10-21,22,0
20,2024-10-28,180,0
20,2024-11-04,153,0
20,2024-11-11,136,0
20,2024-11-18,105,0
20,2024-11-25,74,0
20,2024-12-02,51,0
20,2024-12-09,211,0
20,2024-12-16,160,0
20,2024-12-23,125,0
21,2024-01-01,151,0
21,2024-01-08,124,0
21,2024-01-15,71,0
21,2024-01-22,262,0
21,2024-01-29,231,0
21,2024-02-05,193,0
21,2024-02-12,150,0
21,2024-02-19,-112,0
21,2024-02-26,60,0
21,2024-03-04,246,0
21,2024-03-11,212,0
21,2024-03-18,170,0
21,2024-03-25,127,0
21,2024-04-01,104,0
21,2024-04-08,53,0
21,2024-04-15,-248,0
21,2024-04-22,213,0
21,2024-04-29,167,0
21,2024-05-06,121,0
21,2024-05-13,91,0
21,2024-05-20,272,0
21,2024-05-27,241,0
21,2024-06-03,183,0
21,2024-06-10,155,0
21,2024-06-17,115,0
21,2024-06-24,86,0
21,2024-07-01,251,0
21,2024-07-08,228,0
21,2024-07-15,-186,0
21,2024-07-22,156,0
21,2024-07-29,123,0
21,2024-08-05,80,0
21,2024-08-12,257,0
21,2024-08-19,201,0
21,2024-08-26,-182,0
21,2024-09-02,140,0
21,2024-09-09,86,0
21,2024-09-16,68,0
21,2024-09-23,27,0
21,2024-09-30,218,0
21,2024-10-07,176,0
21,2024-10-14,147,0
21,2024-10-21,126,0
21,2024-10-28,110,0
21,2024-11-04,61,0
21,2024-11-11,239,0
21,2024-11-18,198,0
21,2024-11-25,167,0
21,2024-12-02,148,0
21,2024-12-09,104,0
21,2024-12-16,79,0
21,2024-12-23,50,0
22,2024-01-01,12,0
22,2024-01-08,10,0
22,2024-01-15,8,0
22,2024-01-22,5,0
22,2024-01-29,3,0
22,2024-02-05,0,0
22,2024-02-12,0,1
22,2024-02-19,15,0
22,2024-02-26,12,0
22,2024-03-04,8,0
22,2024-03-11,7,0
22,2024-03-18,6,0
22,2024-03-25,3,0
22,2024-04-01,0,1
22,2024-04-08,0,1
22,2024-04-15,14,0
22,2024-04-22,11,0
22,2024-04-29,9,0
22,2024-05-06,7,0
22,2024-05-13,4,0
22,2024-05-20,2,0
22,2024-05-27,0,1
22,2024-06-03,-1,1
22,2024-06-10,0,1
22,2024-06-17,14,0
22,2024-06-24,13,0
22,2024-07-01,11,0
22,2024-07-08,10,0
22,2024-07-15,7,0
22,2024-07-22,4,0
22,2024-07-29,1,0
22,2024-08-05,0,1
22,2024-08-12,0,1
22,2024-08-19,15,0
22,2024-08-26,13,0
22,2024-09-02,10,0
22,2024-09-09,7,0
22,2024-09-16,4,0
22,2024-09-23,-3,0
22,2024-09-30,0,0
22,2024-10-07,0,1
22,2024-10-14,0,1
22,2024-10-21,0,1
22,2024-10-28,15,0
22,2024-11-04,13,0
22,2024-11-11,12,0
22,2024-11-18,8,0
22,2024-11-25,7,0
22,2024-12-02,4,0
22,2024-12-09,1,0
22,2024-12-16,0,1
22,2024-12-23,0,1
23,2024-01-01,20,0
23,2024-01-08,15,0
23,2024-01-15,11,0
23,2024-01-22,35,0
23,2024-01-29,30,0
23,2024-02-05,25,0
23,2024-02-12,21,0
23,2024-02-19,17,0
23,2024-02-26,14,0
23,2024-03-04,10,0
23,2024-03-11,37,0
23,2024-03-18,31,0
23,2024-03-25,26,0
23,2024-04-01,21,0
23,2024-04-08,17,0
23,2024-04-15,12,0
23,2024-04-22,4,0
23,2024-04-29,30,0
23,2024-05-06,26,0
23,2024-05-13,21,0
23,2024-05-20,20,0
23,2024-05-27,15,0
23,2024-06-03,11,0
23,2024-06-10,38,0
23,2024-06-17,33,0
23,2024-06-24,28,0
23,2024-07-01,26,0
23,2024-07-08,22,0
23,2024-07-15,22,0
23,2024-07-22,17,0
23,2024-07-29,12,0
23,2024-08-05,9,0
23,2024-08-12,34,0
23,2024-08-19,31,0
23,2024-08-26,28,0
23,2024-09-02,23,0
23,2024-09-09,20,0
23,2024-09-16,16,0
23,2024-09-23,12,0
23,2024-09-30,8,0
23,2024-10-07,34,0
23,2024-10-14,31,0
23,2024-10-21,26,0
23,2024-10-28,22,0
23,2024-11-04,17,0
23,2024-11-11,14,0
23,2024-11-18,12,0
23,2024-11-25,6,0
23,2024-12-02,31,0
23,2024-12-09,23,0
23,2024-12-16,20,0
23,2024-12-23,16,0
24,2024-01-01,17,0
24,2024-01-08,12,0
24,2024-01-15,9,0
24,2024-01-22,31,0
24,2024-01-29,26,0
24,2024-02-05,23,0
24,2024-02-12,18,0
24,2024-02-19,14,0
24,2024-02-26,11,0
24,2024-03-04,8,0
24,2024-03-11,29,0
24,2024-03-18,26,0
24,2024-03-25,21,0
24,2024-04-01,18,0
24,2024-04-08,14,0
24,2024-04-15,12,0
24,2024-04-22,10,0
24,2024-04-29,7,0
24,2024-05-06,30,0
24,2024-05-13,24,0
24,2024-05-20,22,0
24,2024-05-27,19,0
24,2024-06-03,14,0
24,2024-06-10,12,0
24,2024-06-17,11,0
24,2024-06-24,8,0
24,2024-07-01,30,0
24,2024-07-08,29,0
24,2024-07-15,25,0
24,2024-07-22,21,0
24,2024-07-29,16,0
24,2024-08-05,14,0
24,2024-08-12,12,0
24,2024-08-19,9,0
24,2024-08-26,30,0
24,2024-09-02,25,0
24,2024-09-09,20,0
24,2024-09-16,15,0
24,2024-09-23,11,0
24,2024-09-30,7,0
24,2024-10-07,4,0
24,2024-10-14,0,0
24,2024-10-21,22,0
24,2024-10-28,18,0
24,2024-11-04,14,0
24,2024-11-11,8,0
24,2024-11-18,5,0
24,2024-11-25,25,0
24,2024-12-02,21,0
24,2024-12-09,18,0
24,2024-12-16,15,0
24,2024-12-23,10,0
25,2024-01-01,26,0
25,2024-01-08,23,0
25,2024-01-15,16,0
25,2024-01-22,8,0
25,2024-01-29,39,0
25,2024-02-05,34,0
25,2024-02-12,28,0
25,2024-02-19,24,0
25,2024-02-26,20,0
25,2024-03-04,13,0
25,2024-03-11,42,0
25,2024-03-18,34,0
25,2024-03-25,31,0
25,2024-04-01,26,0
25,2024-04-08,20,0
25,2024-04-15,16,0
25,2024-04-22,9,0
25,2024-04-29,37,0
25,2024-05-06,33,0
25,2024-05-13,27,0
25,2024-05-20,19,0
25,2024-05-27,10,0
25,2024-06-03,39,0
25,2024-06-10,32,0
25,2024-06-17,28,0
25,2024-06-24,22,0
25,2024-07-01,15,0
25,2024-07-08,10,0
25,2024-07-15,42,0
25,2024-07-22,39,0
25,2024-07-29,37,0
25,2024-08-05,35,0
25,2024-08-12,28,0
25,2024-08-19,22,0
25,2024-08-26,17,0
25,2024-09-02,12,0
25,2024-09-09,6,0
25,2024-09-16,37,0
25,2024-09-23,34,0
25,2024-09-30,27,0
25,2024-10-07,21,0
25,2024-10-14,15,0
25,2024-10-21,8,0
25,2024-10-28,40,0
25,2024-11-04,32,0
25,2024-11-11,27,0
25,2024-11-18,20,0
25,2024-11-25,13,0
25,2024-12-02,9,0
25,2024-12-09,3,0
25,2024-12-16,33,0
25,2024-12-23,27,0
26,2024-01-01,44,0
26,2024-01-08,34,0
26,2024-01-15,21,0
26,2024-01-22,9,0
26,2024-01-29,64,0
26,2024-02-05,58,0
26,2024-02-12,46,0
26,2024-02-19,33,0
26,2024-02-26,15,0
26,2024-03-04,1,0
26,2024-03-11,63,0
26,2024-03-18,52,0
26,2024-03-25,36,0
26,2024-04-01,23,0
26,2024-04-08,11,0
26,2024-04-15,64,0
26,2024-04-22,56,0
26,2024-04-29,44,0
26,2024-05-06,34,0
26,2024-05-13,24,0
26,2024-05-20,11,0
26,2024-05-27,70,0
26,2024-06-03,55,0
26,2024-06-10,46,0
26,2024-06-17,35,0
26,2024-06-24,29,0
26,2024-07-01,16,0
26,2024-07-08,1,0
26,2024-07-15,58,0
26,2024-07-22,51,0
26,2024-07-29,40,0
26,2024-08-05,25,0
26,2024-08-12,19,0
26,2024-08-19,12,0
26,2024-08-26,69,0
26,2024-09-02,61,0
26,2024-09-09,53,0
26,2024-09-16,49,0
26,2024-09-23,37,0
26,2024-09-30,25,0
26,2024-10-07,20,0
26,2024-10-14,5,0
26,2024-10-21,0,1
26,2024-10-28,58,0
26,2024-11-04,44,0
26,2024-11-11,35,0
26,2024-11-18,24,0
26,2024-11-25,16,0
26,2024-12-02,64,0
26,2024-12-09,54,0
26,2024-12-16,43,0
26,2024-12-23,35,0
27,2024-01-01,83,0
27,2024-01-08,46,0
27,2024-01-15,11,0
27,2024-01-22,0,1
27,2024-01-29,0,1
27,2024-02-05,0,1
27,2024-02-12,0,1
27,2024-02-19,111,0
27,2024-02-26,79,0
27,2024-03-04,60,0
27,2024-03-11,-31,0
27,2024-03-18,2,0
27,2024-03-25,0,1
27,2024-04-01,0,1
27,2024-04-08,0,1
27,2024-04-15,0,1
27,2024-04-22,127,0
27,2024-04-29,104,0
27,2024-05-06,77,0
27,2024-05-13,63,0
27,2024-05-20,38,0
27,2024-05-27,10,0
27,2024-06-03,0,1
27,2024-06-10,0,1
27,2024-06-17,123,0
27,2024-06-24,98,0
27,2024-07-01,66,0
27,2024-07-08,45,0
27,2024-07-15,13,0
27,2024-07-22,3,0
27,2024-07-29,0,1
27,2024-08-05,0,1
27,2024-08-12,131,0
27,2024-08-19,116,0
27,2024-08-26,96,0
27,2024-09-02,67,0
27,2024-09-09,57,0
27,2024-09-16,32,0
27,2024-09-23,1,0
27,2024-09-30,0,1
27,2024-10-07,0,1
27,2024-10-14,118,0
27,2024-10-21,96,0
27,2024-10-28,62,0
27,2024-11-04,47,0
27,2024-11-11,24,0
27,2024-11-18,0,1
27,2024-11-25,0,1
27,2024-12-02,0,1
27,2024-12-09,122,0
27,2024-12-16,92,0
27,2024-12-23,63,0
28,2024-01-01,253,0
28,2024-01-08,210,0
28,2024-01-15,138,0
28,2024-01-22,475,0
28,2024-01-29,404,0
28,2024-02-05,337,0
28,2024-02-12,292,0
28,2024-02-19,245,0
28,2024-02-26,174,0
28,2024-03-04,114,0
28,2024-03-11,456,0
28,2024-03-18,409,0
28,2024-03-25,350,0
28,2024-04-01,255,0
28,2024-04-08,201,0
28,2024-04-15,137,0
28,2024-04-22,461,0
28,2024-04-29,419,0
28,2024-05-06,389,0
28,2024-05-13,345,0
28,2024-05-20,276,0
28,2024-05-27,210,0
28,2024-06-03,132,0
28,2024-06-10,456,0
28,2024-06-17,394,0
28,2024-06-24,341,0
28,2024-07-01,259,0
28,2024-07-08,212,0
28,2024-07-15,169,0
28,2024-07-22,93,0
28,2024-07-29,444,0
28,2024-08-05,332,0
28,2024-08-12,266,0
28,2024-08-19,195,0
28,2024-08-26,146,0
28,2024-09-02,478,0
28,2024-09-09,422,0
28,2024-09-16,368,0
28,2024-09-23,291,0
28,2024-09-30,235,0
28,2024-10-07,151,0
28,2024-10-14,425,0
28,2024-10-21,366,0
28,2024-10-28,299,0
28,2024-11-04,227,0
28,2024-11-11,127,0
28,2024-11-18,454,0
28,2024-11-25,406,0
28,2024-12-02,366,0
28,2024-12-09,303,0
28,2024-12-16,247,0
28,2024-12-23,143,0
29,2024-01-01,10,0
29,2024-01-08,8,0
29,2024-01-15,6,0
29,2024-01-22,3,0
29,2024-01-29,0,1
29,2024-02-05,0,1
29,2024-02-12,16,0
29,2024-02-19,14,0
29,2024-02-26,12,0
29,2024-03-04,9,0
29,2024-03-11,7,0
29,2024-03-18,5,0
29,2024-03-25,1,0
29,2024-04-01,0,1
29,2024-04-08,0,1
29,2024-04-15,15,0
29,2024-04-22,13,0
29,2024-04-29,10,0
29,2024-05-06,7,0
29,2024-05-13,5,0
29,2024-05-20,3,0
29,2024-05-27,1,0
29,2024-06-03,0,1
29,2024-06-10,15,0
29,2024-06-17,13,0
29,2024-06-24,11,0
29,2024-07-01,8,0
29,2024-07-08,5,0
29,2024-07-15,1,0
29,2024-07-22,0,1
29,2024-07-29,0,1
29,2024-08-05,15,0
29,2024-08-12,12,0
29,2024-08-19,8,0
29,2024-08-26,4,0
29,2024-09-02,1,0
29,2024-09-09,0,1
29,2024-09-16,0,1
29,2024-09-23,0,1
29,2024-09-30,15,0
29,2024-10-07,12,0
29,2024-10-14,9,0
29,2024-10-21,6,0
29,2024-10-28,4,0
29,2024-11-04,2,0
29,2024-11-11,0,1
29,2024-11-18,16,0
29,2024-11-25,14,0
29,2024-12-02,11,0
29,2024-12-09,8,0
29,2024-12-16,6,0
29,2024-12-23,5,0
30,2024-01-01,105,0
30,2024-01-08,79,0
30,2024-01-15,53,0
30,2024-01-22,177,0
30,2024-01-29,149,0
30,2024-02-05,124,0
30,2024-02-12,98,0
30,2024-02-19,74,0
30,2024-02-26,41,0
30,2024-03-04,156,0
30,2024-03-11,140,0
30,2024-03-18,117,0
30,2024-03-25,92,0
30,2024-04-01,70,0
30,2024-04-08,32,0
30,2024-04-15,156,0
30,2024-04-22,138,0
30,2024-04-29,109,0
30,2024-05-06,82,0
30,2024-05-13,55,0
30,2024-05-20,167,0
30,2024-05-27,140,0
30,2024-06-03,118,0
30,2024-06-10,108,0
30,2024-06-17,85,0
30,2024-06-24,51,0
30,2024-07-01,177,0
30,2024-07-08,169,0
30,2024-07-15,148,0
30,2024-07-22,116,0
30,2024-07-29,87,0
30,2024-08-05,69,0
30,2024-08-12,49,0
30,2024-08-19,178,0
30,2024-08-26,158,0
30,2024-09-02,149,0
30,2024-09-09,119,0
30,2024-09-16,85,0
30,2024-09-23,72,0
30,2024-09-30,38,0
30,2024-10-07,164,0
30,2024-10-14,130,0
30,2024-10-21,105,0
30,2024-10-28,79,0
30,2024-11-04,52,0
30,2024-11-11,183,0
30,2024-11-18,150,0
30,2024-11-25,134,0
30,2024-12-02,113,0
30,2024-12-09,85,0
30,2024-12-16,64,0
30,2024-12-23,34,0
31,2024-01-01,68,0
31,2024-01-08,44,0
31,2024-01-15,37,0
31,2024-01-22,-19,0
31,2024-01-29,0,1
31,2024-02-05,103,0
31,2024-02-12,80,0
31,2024-02-19,58,0
31,2024-02-26,46,0
31,2024-03-04,23,0
31,2024-03-11,3,0
31,2024-03-18,0,1
31,2024-03-25,101,0
31,2024-04-01,82,0
31,2024-04-08,73,0
31,2024-04-15,67,0
31,2024-04-22,48,0
31,2024-04-29,23,0
31,2024-05-06,3,0
31,2024-05-13,0,1
31,2024-05-20,0,1
31,2024-05-27,101,0
31,2024-06-03,84,0
31,2024-06-10,63,0
31,2024-06-17,47,0
31,2024-06-24,24,0
31,2024-07-01,4,0
31,2024-07-08,0,1
31,2024-07-15,0,1
31,2024-07-22,99,0
31,2024-07-29,77,0
31,2024-08-05,61,0
31,2024-08-12,41,0
31,2024-08-19,26,0
31,2024-08-26,13,0
31,2024-09-02,0,1
31,2024-09-09,106,0
31,2024-09-16,89,0
31,2024-09-23,80,0
31,2024-09-30,57,0
31,2024-10-07,33,0
31,2024-10-14,19,0
31,2024-10-21,0,1
31,2024-10-28,0,1
31,2024-11-04,90,0
31,2024-11-11,70,0
31,2024-11-18,47,0
31,2024-11-25,32,0
31,2024-12-02,13,0
31,2024-12-09,0,1
31,2024-12-16,0,1
31,2024-12-23,0,1
32,2024-01-01,3,0
32,2024-01-08,2,0
32,2024-01-15,1,0
32,2024-01-22,-7,0
32,2024-01-29,5,0
32,2024-02-05,4,0
32,2024-02-12,4,0
32,2024-02-19,4,0
32,2024-02-26,3,0
32,2024-03-04,3,0
32,2024-03-11,2,0
32,2024-03-18,1,0
32,2024-03-25,6,0
32,2024-04-01,6,0
32,2024-04-08,5,0
32,2024-04-15,4,0
32,2024-04-22,4,0
32,2024-04-29,3,0
32,2024-05-06,3,0
32,2024-05-13,2,0
32,2024-05-20,2,0
32,2024-05-27,2,0
32,2024-06-03,1,0
32,2024-06-10,0,0
32,2024-06-17,0,1
32,2024-06-24,5,0
32,2024-07-01,4,0
32,2024-07-08,3,0
32,2024-07-15,3,0
32,2024-07-22,3,0
32,2024-07-29,3,0
32,2024-08-05,3,0
32,2024-08-12,3,0
32,2024-08-19,3,0
32,2024-08-26,2,0
32,2024-09-02,2,0
32,2024-09-09,2,0
32,2024-09-16,2,0
32,2024-09-23,2,0
32,2024-09-30,1,0
32,2024-10-07,6,0
32,2024-10-14,6,0
32,2024-10-21,5,0
32,2024-10-28,4,0
32,2024-11-04,3,0
32,2024-11-11,3,0
32,2024-11-18,3,0
32,2024-11-25,3,0
32,2024-12-02,3,0
32,2024-12-09,2,0
32,2024-12-16,1,0
32,2024-12-23,1,0
33,2024-01-01,4,0
33,2024-01-08,3,0
33,2024-01-15,3,0
33,2024-01-22,3,0
33,2024-01-29,3,0
33,2024-02-05,3,0
33,2024-02-12,2,0
33,2024-02-19,2,0
33,2024-02-26,1,0
33,2024-03-04,6,0
33,2024-03-11,5,0
33,2024-03-18,5,0
33,2024-03-25,4,0
33,2024-04-01,4,0
33,2024-04-08,4,0
33,2024-04-15,3,0
33,2024-04-22,3,0
33,2024-04-29,3,0
33,2024-05-06,3,0
33,2024-05-13,3,0
33,2024-05-20,2,0
33,2024-05-27,2,0
33,2024-06-03,1,0
33,2024-06-10,1,0
33,2024-06-17,6,0
33,2024-06-24,5,0
33,2024-07-01,4,0
33,2024-07-08,4,0
33,2024-07-15,3,0
33,2024-07-22,2,0
33,2024-07-29,1,0
33,2024-08-05,6,0
33,2024-08-12,5,0
33,2024-08-19,5,0
33,2024-08-26,5,0
33,2024-09-02,5,0
33,2024-09-09,4,0
33,2024-09-16,4,0
33,2024-09-23,4,0
33,2024-09-30,3,0
33,2024-10-07,2,0
33,2024-10-14,1,0
33,2024-10-21,6,0
33,2024-10-28,5,0
33,2024-11-04,4,0
33,2024-11-11,4,0
33,2024-11-18,4,0
33,2024-11-25,4,0
33,2024-12-02,4,0
33,2024-12-09,3,0
33,2024-12-16,2,0
33,2024-12-23,1,0
34,2024-01-01,64,0
34,2024-01-08,53,0
34,2024-01-15,47,0
34,2024-01-22,29,0
34,2024-01-29,9,0
34,2024-02-05,0,1
34,2024-02-12,0,1
34,2024-02-19,64,0
34,2024-02-26,52,0
34,2024-03-04,44,0
34,2024-03-11,35,0
34,2024-03-18,23,0
34,2024-03-25,9,0
34,2024-04-01,0,1
34,2024-04-08,0,1
34,2024-04-15,65,0
34,2024-04-22,52,0
34,2024-04-29,41,0
34,2024-05-06,23,0
34,2024-05-13,14,0
34,2024-05-20,7,0
34,2024-05-27,0,1
34,2024-06-03,0,1
34,2024-06-10,0,1
34,2024-06-17,71,0
34,2024-06-24,62,0
34,2024-07-01,48,0
34,2024-07-08,36,0
34,2024-07-15,23,0
34,2024-07-22,8,0
34,2024-07-29,0,1
34,2024-08-05,0,1
34,2024-08-12,78,0
34,2024-08-19,66,0
34,2024-08-26,53,0
34,2024-09-02,39,0
34,2024-09-09,24,0
34,2024-09-16,7,0
34,2024-09-23,0,0
34,2024-09-30,0,1
34,2024-10-07,68,0
34,2024-10-14,63,0
34,2024-10-21,49,0
34,2024-10-28,40,0
34,2024-11-04,20,0
34,2024-11-11,5,0
34,2024-11-18,0,1
34,2024-11-25,0,1
34,2024-12-02,75,0
34,2024-12-09,65,0
34,2024-12-16,57,0
34,2024-12-23,47,0
35,2024-01-01,3,0
35,2024-01-08,2,0
35,2024-01-15,1,0
35,2024-01-22,1,0
35,2024-01-29,1,0
35,2024-02-05,7,0
35,2024-02-12,7,0
35,2024-02-19,6,0
35,2024-02-26,5,0
35,2024-03-04,4,0
35,2024-03-11,3,0
35,2024-03-18,2,0
35,2024-03-25,2,0
35,2024-04-01,2,0
35,2024-04-08,2,0
35,2024-04-15,2,0
35,2024-04-22,2,0
35,2024-04-29,1,0
35,2024-05-06,0,0
35,2024-05-13,0,1
35,2024-05-20,0,0
35,2024-05-27,5,0
35,2024-06-03,5,0
35,2024-06-10,4,0
35,2024-06-17,4,0
35,2024-06-24,4,0
35,2024-07-01,4,0
35,2024-07-08,3,0
35,2024-07-15,2,0
35,2024-07-22,1,0
35,2024-07-29,1,0
35,2024-08-05,1,0
35,2024-08-12,0,0
35,2024-08-19,6,0
35,2024-08-26,5,0
35,2024-09-02,5,0
35,2024-09-09,4,0
35,2024-09-16,4,0
35,2024-09-23,3,0
35,2024-09-30,3,0
35,2024-10-07,2,0
35,2024-10-14,1,0
35,2024-10-21,0,0
35,2024-10-28,0,0
35,2024-11-04,0,0
35,2024-11-11,5,0
35,2024-11-18,4,0
35,2024-11-25,3,0
35,2024-12-02,2,0
35,2024-12-09,2,0
35,2024-12-16,1,0
35,2024-12-23,0,0
36,2024-01-01,20,0
36,2024-01-08,17,0
36,2024-01-15,11,0
36,2024-01-22,37,0
36,2024-01-29,34,0
36,2024-02-05,31,0
36,2024-02-12,27,0
36,2024-02-19,21,0
36,2024-02-26,16,0
36,2024-03-04,10,0
36,2024-03-11,35,0
36,2024-03-18,31,0
36,2024-03-25,25,0
36,2024-04-01,19,0
36,2024-04-08,14,0
36,2024-04-15,9,0
36,2024-04-22,36,0
36,2024-04-29,31,0
36,2024-05-06,28,0
36,2024-05-13,24,0
36,2024-05-20,-23,0
36,2024-05-27,20,0
36,2024-06-03,16,0
36,2024-06-10,12,0
36,2024-06-17,7,0
36,2024-06-24,33,0
36,2024-07-01,28,0
36,2024-07-08,23,0
36,2024-07-15,19,0
36,2024-07-22,15,0
36,2024-07-29,8,0
36,2024-08-05,33,0
36,2024-08-12,29,0
36,2024-08-19,24,0
36,2024-08-26,20,0
36,2024-09-02,17,0
36,2024-09-09,14,0
36,2024-09-16,11,0
36,2024-09-23,5,0
36,2024-09-30,1,0
36,2024-10-07,27,0
36,2024-10-14,21,0
36,2024-10-21,17,0
36,2024-10-28,12,0
36,2024-11-04,10,0
36,2024-11-11,36,0
36,2024-11-18,31,0
36,2024-11-25,26,0
36,2024-12-02,24,0
36,2024-12-09,18,0
36,2024-12-16,15,0
36,2024-12-23,10,0
37,2024-01-01,59,0
37,2024-01-08,40,0
37,2024-01-15,16,0
37,2024-01-22,7,0
37,2024-01-29,85,0
37,2024-02-05,70,0
37,2024-02-12,60,0
37,2024-02-19,42,0
37,2024-02-26,24,0
37,2024-03-04,7,0
37,2024-03-11,-82,0
37,2024-03-18,60,0
37,2024-03-25,51,0
37,2024-04-01,36,0
37,2024-04-08,25,0
37,2024-04-15,6,0
37,2024-04-22,90,0
37,2024-04-29,76,0
37,2024-05-06,60,0
37,2024-05-13,50,0
37,2024-05-20,38,0
37,2024-05-27,23,0
37,2024-06-03,4,0
37,2024-06-10,84,0
37,2024-06-17,73,0
37,2024-06-24,53,0
37,2024-07-01,40,0
37,2024-07-08,29,0
37,2024-07-15,11,0
37,2024-07-22,89,0
37,2024-07-29,70,0
37,2024-08-05,58,0
37,2024-08-12,44,0
37,2024-08-19,25,0
37,2024-08-26,12,0
37,2024-09-02,84,0
37,2024-09-09,70,0
37,2024-09-16,47,0
37,2024-09-23,25,0
37,2024-09-30,16,0
37,2024-10-07,0,1
37,2024-10-14,79,0
37,2024-10-21,64,0
37,2024-10-28,49,0
37,2024-11-04,39,0
37,2024-11-11,20,0
37,2024-11-18,5,0
37,2024-11-25,82,0
37,2024-12-02,69,0
37,2024-12-09,54,0
37,2024-12-16,38,0
37,2024-12-23,24,0
38,2024-01-01,43,0
38,2024-01-08,34,0
38,2024-01-15,29,0
38,2024-01-22,21,0
38,2024-01-29,16,0
38,2024-02-05,11,0
38,2024-02-12,0,1
38,2024-02-19,46,0
38,2024-02-26,39,0
38,2024-03-04,29,0
38,2024-03-11,22,0
38,2024-03-18,8,0
38,2024-03-25,0,0
38,2024-04-01,0,1
38,2024-04-08,0,1
38,2024-04-15,0,1
38,2024-04-22,0,1
38,2024-04-29,47,0
38,2024-05-06,35,0
38,2024-05-13,24,0
38,2024-05-20,13,0
38,2024-05-27,8,0
38,2024-06-03,0,1
38,2024-06-10,0,1
38,2024-06-17,45,0
38,2024-06-24,37,0
38,2024-07-01,31,0
38,2024-07-08,26,0
38,2024-07-15,-23,0
38,2024-07-22,13,0
38,2024-07-29,9,0
38,2024-08-05,4,0
38,2024-08-12,0,1
38,2024-08-19,53,0
38,2024-08-26,42,0
38,2024-09-02,40,0
38,2024-09-09,32,0
38,2024-09-16,23,0
38,2024-09-23,13,0
38,2024-09-30,5,0
38,2024-10-07,0,1
38,2024-10-14,0,1
38,2024-10-21,43,0
38,2024-10-28,36,0
38,2024-11-04,27,0
38,2024-11-11,14,0
38,2024-11-18,6,0
38,2024-11-25,0,1
38,2024-12-02,0,1
38,2024-12-09,0,1
38,2024-12-16,51,0
38,2024-12-23,42,0
39,2024-01-01,67,0
39,2024-01-08,57,0
39,2024-01-15,36,0
39,2024-01-22,123,0
39,2024-01-29,118,0
39,2024-02-05,106,0
39,2024-02-12,91,0
39,2024-02-19,74,0
39,2024-02-26,61,0
39,2024-03-04,48,0
39,2024-03-11,21,0
39,2024-03-18,4,0
39,2024-03-25,98,0
39,2024-04-01,81,0
39,2024-04-08,61,0
39,2024-04-15,43,0
39,2024-04-22,27,0
39,2024-04-29,121,0
39,2024-05-06,107,0
39,2024-05-13,93,0
39,2024-05-20,74,0
39,2024-05-27,62,0
39,2024-06-03,42,0
39,2024-06-10,17,0
39,2024-06-17,106,0
39,2024-06-24,90,0
39,2024-07-01,80,0
39,2024-07-08,54,0
39,2024-07-15,43,0
39,2024-07-22,129,0
39,2024-07-29,108,0
39,2024-08-05,92,0
39,2024-08-12,76,0
39,2024-08-19,68,0
39,2024-08-26,49,0
39,2024-09-02,28,0
39,2024-09-09,124,0
39,2024-09-16,107,0
39,2024-09-23,89,0
39,2024-09-30,68,0
39,2024-10-07,50,0
39,2024-10-14,41,0
39,2024-10-21,134,0
39,2024-10-28,115,0
39,2024-11-04,93,0
39,2024-11-11,79,0
39,2024-11-18,-51,0
39,2024-11-25,43,0
39,2024-12-02,29,0
39,2024-12-09,120,0
39,2024-12-16,104,0
39,2024-12-23,93,0
40,2024-01-01,47,0
40,2024-01-08,34,0
40,2024-01-15,22,0
40,2024-01-22,9,0
40,2024-01-29,0,1
40,2024-02-05,0,1
40,2024-02-12,63,0
40,2024-02-19,51,0
40,2024-02-26,39,0
40,2024-03-04,27,0
40,2024-03-11,14,0
40,2024-03-18,5,0
40,2024-03-25,0,1
40,2024-04-01,0,1
40,2024-04-08,0,1
40,2024-04-15,65,0
40,2024-04-22,57,0
40,2024-04-29,43,0
40,2024-05-06,26,0
40,2024-05-13,10,0
40,2024-05-20,0,1
40,2024-05-27,0,1
40,2024-06-03,61,0
40,2024-06-10,44,0
40,2024-06-17,30,0
40,2024-06-24,19,0
40,2024-07-01,5,0
40,2024-07-08,0,1
40,2024-07-15,0,1
40,2024-07-22,64,0
40,2024-07-29,51,0
40,2024-08-05,37,0
40,2024-08-12,26,0
40,2024-08-19,18,0
40,2024-08-26,7,0
40,2024-09-02,0,1
40,2024-09-09,63,0
40,2024-09-16,50,0
40,2024-09-23,41,0
40,2024-09-30,35,0
40,2024-10-07,28,0
40,2024-10-14,22,0
40,2024-10-21,10,0
40,2024-10-28,0,1
40,2024-11-04,60,0
40,2024-11-11,46,0
40,2024-11-18,30,0
40,2024-11-25,21,0
40,2024-12-02,8,0
40,2024-12-09,2,0
40,2024-12-16,0,1
40,2024-12-23,65,0
41,2024-01-01,43,0
41,2024-01-08,35,0
41,2024-01-15,30,0
41,2024-01-22,20,0
41,2024-01-29,70,0
41,2024-02-05,61,0
41,2024-02-12,56,0
41,2024-02-19,41,0
41,2024-02-26,30,0
41,2024-03-04,13,0
41,2024-03-11,66,0
41,2024-03-18,54,0
41,2024-03-25,42,0
41,2024-04-01,33,0
41,2024-04-08,19,0
41,2024-04-15,71,0
41,2024-04-22,63,0
41,2024-04-29,63,0
41,2024-05-06,52,0
41,2024-05-13,46,0
41,2024-05-20,38,0
41,2024-05-27,32,0
41,2024-06-03,24,0
41,2024-06-10,-74,0
41,2024-06-17,63,0
41,2024-06-24,51,0
41,2024-07-01,38,0
41,2024-07-08,30,0
41,2024-07-15,22,0
41,2024-07-22,70,0
41,2024-07-29,57,0
41,2024-08-05,45,0
41,2024-08-12,-39,0
41,2024-08-19,27,0
41,2024-08-26,17,0
41,2024-09-02,-65,0
41,2024-09-09,56,0
41,2024-09-16,51,0
41,2024-09-23,39,0
41,2024-09-30,37,0
41,2024-10-07,30,0
41,2024-10-14,24,0
41,2024-10-21,18,0
41,2024-10-28,11,0
41,2024-11-04,58,0
41,2024-11-11,46,0
41,2024-11-18,37,0
41,2024-11-25,24,0
41,2024-12-02,78,0
41,2024-12-09,72,0
41,2024-12-16,60,0
41,2024-12-23,49,0
42,2024-01-01,34,0
42,2024-01-08,29,0
42,2024-01-15,18,0
42,2024-01-22,15,0
42,2024-01-29,57,0
42,2024-02-05,49,0
42,2024-02-12,37,0
42,2024-02-19,29,0
42,2024-02-26,20,0
42,2024-03-04,14,0
42,2024-03-11,53,0
42,2024-03-18,45,0
42,2024-03-25,41,0
42,2024-04-01,32,0
42,2024-04-08,22,0
42,2024-04-15,13,0
42,2024-04-22,5,0
42,2024-04-29,0,0
42,2024-05-06,46,0
42,2024-05-13,38,0
42,2024-05-20,28,0
42,2024-05-27,18,0
42,2024-06-03,9,0
42,2024-06-10,2,0
42,2024-06-17,40,0
42,2024-06-24,30,0
42,2024-07-01,24,0
42,2024-07-08,15,0
42,2024-07-15,9,0
42,2024-07-22,48,0
42,2024-07-29,44,0
42,2024-08-05,39,0
42,2024-08-12,29,0
42,2024-08-19,19,0
42,2024-08-26,10,0
42,2024-09-02,2,0
42,2024-09-09,48,0
42,2024-09-16,41,0
42,2024-09-23,32,0
42,2024-09-30,26,0
42,2024-10-07,20,0
42,2024-10-14,9,0
42,2024-10-21,2,0
42,2024-10-28,41,0
42,2024-11-04,32,0
42,2024-11-11,27,0
42,2024-11-18,19,0
42,2024-11-25,8,0
42,2024-12-02,0,1
42,2024-12-09,40,0
42,2024-12-16,33,0
42,2024-12-23,25,0
43,2024-01-01,3,0
43,2024-01-08,2,0
43,2024-01-15,2,0
43,2024-01-22,2,0
43,2024-01-29,2,0
43,2024-02-05,2,0
43,2024-02-12,1,0
43,2024-02-19,0,0
43,2024-02-26,6,0
43,2024-03-04,5,0
43,2024-03-11,4,0
43,2024-03-18,3,0
43,2024-03-25,2,0
43,2024-04-01,2,0
43,2024-04-08,2,0
43,2024-04-15,2,0
43,2024-04-22,1,0
43,2024-04-29,1,0
43,2024-05-06,6,0
43,2024-05-13,6,0
43,2024-05-20,6,0
43,2024-05-27,6,0
43,2024-06-03,6,0
43,2024-06-10,5,0
43,2024-06-17,4,0
43,2024-06-24,4,0
43,2024-07-01,4,0
43,2024-07-08,4,0
43,2024-07-15,3,0
43,2024-07-22,3,0
43,2024-07-29,2,0
43,2024-08-05,1,0
43,2024-08-12,1,0
43,2024-08-19,0,0
43,2024-08-26,5,0
43,2024-09-02,5,0
43,2024-09-09,5,0
43,2024-09-16,5,0
43,2024-09-23,5,0
43,2024-09-30,5,0
43,2024-10-07,5,0
43,2024-10-14,4,0
43,2024-10-21,3,0
43,2024-10-28,3,0
43,2024-11-04,3,0
43,2024-11-11,2,0
43,2024-11-18,2,0
43,2024-11-25,2,0
43,2024-12-02,2,0
43,2024-12-09,2,0
43,2024-12-16,2,0
43,2024-12-23,2,0
44,2024-01-01,55,0
44,2024-01-08,46,0
44,2024-01-15,31,0
44,2024-01-22,105,0
44,2024-01-29,91,0
44,2024-02-05,76,0
44,2024-02-12,61,0
44,2024-02-19,50,0
44,2024-02-26,29,0
44,2024-03-04,99,0
44,2024-03-11,79,0
44,2024-03-18,60,0
44,2024-03-25,53,0
44,2024-04-01,34,0
44,2024-04-08,107,0
44,2024-04-15,99,0
44,2024-04-22,85,0
44,2024-04-29,69,0
44,2024-05-06,47,0
44,2024-05-13,29,0
44,2024-05-20,108,0
44,2024-05-27,86,0
44,2024-06-03,71,0
44,2024-06-10,58,0
44,2024-06-17,45,0
44,2024-06-24,38,0
44,2024-07-01,24,0
44,2024-07-08,97,0
44,2024-07-15,84,0
44,2024-07-22,68,0
44,2024-07-29,57,0
44,2024-08-05,43,0
44,2024-08-12,27,0
44,2024-08-19,102,0
44,2024-08-26,95,0
44,2024-09-02,82,0
44,2024-09-09,60,0
44,2024-09-16,48,0
44,2024-09-23,33,0
44,2024-09-30,109,0
44,2024-10-07,87,0
44,2024-10-14,67,0
44,2024-10-21,49,0
44,2024-10-28,39,0
44,2024-11-04,23,0
44,2024-11-11,96,0
44,2024-11-18,85,0
44,2024-11-25,74,0
44,2024-12-02,52,0
44,2024-12-09,39,0
44,2024-12-16,17,0
44,2024-12-23,88,0
45,2024-01-01,39,0
45,2024-01-08,28,0
45,2024-01-15,23,0
45,2024-01-22,13,0
45,2024-01-29,0,1
45,2024-02-05,0,1
45,2024-02-12,50,0
45,2024-02-19,35,0
45,2024-02-26,26,0
45,2024-03-04,-19,0
45,2024-03-11,8,0
45,2024-03-18,0,1
45,2024-03-25,0,1
45,2024-04-01,50,0
45,2024-04-08,38,0
45,2024-04-15,29,0
45,2024-04-22,16,0
45,2024-04-29,5,0
45,2024-05-06,0,1
45,2024-05-13,0,1
45,2024-05-20,48,0
45,2024-05-27,42,0
45,2024-06-03,37,0
45,2024-06-10,34,0
45,2024-06-17,23,0
45,2024-06-24,13,0
45,2024-07-01,5,0
45,2024-07-08,1,0
45,2024-07-15,54,0
45,2024-07-22,44,0
45,2024-07-29,32,0
45,2024-08-05,23,0
45,2024-08-12,13,0
45,2024-08-19,5,0
45,2024-08-26,0,1
45,2024-09-02,54,0
45,2024-09-09,47,0
45,2024-09-16,39,0
45,2024-09-23,28,0
45,2024-09-30,22,0
45,2024-10-07,12,0
45,2024-10-14,2,0
45,2024-10-21,-1,1
45,2024-10-28,50,0
45,2024-11-04,44,0
45,2024-11-11,38,0
45,2024-11-18,28,0
45,2024-11-25,23,0
45,2024-12-02,20,0
45,2024-12-09,9,0
45,2024-12-16,0,1
45,2024-12-23,52,0
46,2024-01-01,17,0
46,2024-01-08,12,0
46,2024-01-15,10,0
46,2024-01-22,8,0
46,2024-01-29,4,0
46,2024-02-05,0,0
46,2024-02-12,0,1
46,2024-02-19,23,0
46,2024-02-26,21,0
46,2024-03-04,17,0
46,2024-03-11,13,0
46,2024-03-18,8,0
46,2024-03-25,4,0
46,2024-04-01,0,0
46,2024-04-08,0,1
46,2024-04-15,19,0
46,2024-04-22,17,0
46,2024-04-29,13,0
46,2024-05-06,11,0
46,2024-05-13,7,0
46,2024-05-20,5,0
46,2024-05-27,1,0
46,2024-06-03,0,1
46,2024-06-10,18,0
46,2024-06-17,15,0
46,2024-06-24,11,0
46,2024-07-01,8,0
46,2024-07-08,5,0
46,2024-07-15,1,0
46,2024-07-22,0,1
46,2024-07-29,22,0
46,2024-08-05,18,0
46,2024-08-12,15,0
46,2024-08-19,12,0
46,2024-08-26,9,0
46,2024-09-02,6,0
46,2024-09-09,2,0
46,2024-09-16,0,1
46,2024-09-23,23,0
46,2024-09-30,18,0
46,2024-10-07,13,0
46,2024-10-14,12,0
46,2024-10-21,7,0
46,2024-10-28,2,0
46,2024-11-04,0,1
46,2024-11-11,0,1
46,2024-11-18,19,0
46,2024-11-25,16,0
46,2024-12-02,12,0
46,2024-12-09,6,0
46,2024-12-16,2,0
46,2024-12-23,0,0
47,2024-01-01,86,0
47,2024-01-08,70,0
47,2024-01-15,47,0
47,2024-01-22,158,0
47,2024-01-29,140,0
47,2024-02-05,128,0
47,2024-02-12,108,0
47,2024-02-19,86,0
47,2024-02-26,82,0
47,2024-03-04,60,0
47,2024-03-11,40,0
47,2024-03-18,150,0
47,2024-03-25,117,0
47,2024-04-01,90,0
47,2024-04-08,76,0
47,2024-04-15,50,0
47,2024-04-22,148,0
47,2024-04-29,127,0
47,2024-05-06,104,0
47,2024-05-13,81,0
47,2024-05-20,74,0
47,2024-05-27,55,0
47,2024-06-03,36,0
47,2024-06-10,132,0
47,2024-06-17,109,0
47,2024-06-24,90,0
47,2024-07-01,70,0
47,2024-07-08,43,0
47,2024-07-15,150,0
47,2024-07-22,134,0
47,2024-07-29,115,0
47,2024-08-05,89,0
47,2024-08-12,65,0
47,2024-08-19,44,0
47,2024-08-26,148,0
47,2024-09-02,131,0
47,2024-09-09,112,0
47,2024-09-16,96,0
47,2024-09-23,77,0
47,2024-09-30,48,0
47,2024-10-07,160,0
47,2024-10-14,144,0
47,2024-10-21,131,0
47,2024-10-28,120,0
47,2024-11-04,101,0
47,2024-11-11,84,0
47,2024-11-18,52,0
47,2024-11-25,33,0
47,2024-12-02,130,0
47,2024-12-09,103,0
47,2024-12-16,84,0
47,2024-12-23,50,0
48,2024-01-01,3,0
48,2024-01-08,2,0
48,2024-01-15,1,0
48,2024-01-22,6,0
48,2024-01-29,5,0
48,2024-02-05,4,0
48,2024-02-12,4,0
48,2024-02-19,3,0
48,2024-02-26,2,0
48,2024-03-04,1,0
48,2024-03-11,7,0
48,2024-03-18,6,0
48,2024-03-25,5,0
48,2024-04-01,5,0
48,2024-04-08,4,0
48,2024-04-15,3,0
48,2024-04-22,2,0
48,2024-04-29,1,0
48,2024-05-06,6,0
48,2024-05-13,5,0
48,2024-05-20,4,0
48,2024-05-27,3,0
48,2024-06-03,3,0
48,2024-06-10,3,0
48,2024-06-17,3,0
48,2024-06-24,2,0
48,2024-07-01,2,0
48,2024-07-08,2,0
48,2024-07-15,2,0
48,2024-07-22,2,0
48,2024-07-29,1,0
48,2024-08-05,7,0
48,2024-08-12,7,0
48,2024-08-19,6,0
48,2024-08-26,5,0
48,2024-09-02,5,0
48,2024-09-09,4,0
48,2024-09-16,4,0
48,2024-09-23,3,0
48,2024-09-30,2,0
48,2024-10-07,1,0
48,2024-10-14,7,0
48,2024-10-21,6,0
48,2024-10-28,6,0
48,2024-11-04,6,0
48,2024-11-11,5,0
48,2024-11-18,5,0
48,2024-11-25,5,0
48,2024-12-02,5,0
48,2024-12-09,4,0
48,2024-12-16,4,0
48,2024-12-23,3,0
49,2024-01-01,8,0
49,2024-01-08,6,0
49,2024-01-15,4,0
49,2024-01-22,14,0
49,2024-01-29,13,0
49,2024-02-05,11,0
49,2024-02-12,10,0
49,2024-02-19,9,0
49,2024-02-26,8,0
49,2024-03-04,6,0
49,2024-03-11,5,0
49,2024-03-18,3,0
49,2024-03-25,14,0
49,2024-04-01,12,0
49,2024-04-08,10,0
49,2024-04-15,9,0
49,2024-04-22,8,0
49,2024-04-29,6,0
49,2024-05-06,5,0
49,2024-05-13,3,0
49,2024-05-20,13,0
49,2024-05-27,12,0
49,2024-06-03,10,0
49,2024-06-10,8,0
49,2024-06-17,7,0
49,2024-06-24,6,0
49,2024-07-01,4,0
49,2024-07-08,3,0
49,2024-07-15,15,0
49,2024-07-22,13,0
49,2024-07-29,12,0
49,2024-08-05,10,0
49,2024-08-12,8,0
49,2024-08-19,6,0
49,2024-08-26,4,0
49,2024-09-02,1,0
49,2024-09-09,11,0
49,2024-09-16,9,0
49,2024-09-23,7,0
49,2024-09-30,4,0
49,2024-10-07,1,0
49,2024-10-14,0,0
49,2024-10-21,11,0
49,2024-10-28,10,0
49,2024-11-04,8,0
49,2024-11-11,6,0
49,2024-11-18,5,0
49,2024-11-25,3,0
49,2024-12-02,2,0
49,2024-12-09,12,0
49,2024-12-16,10,0
49,2024-12-23,8,0
50,2024-01-01,92,0
50,2024-01-08,57,0
50,2024-01-15,34,0
50,2024-01-22,15,0
50,2024-01-29,127,0
50,2024-02-05,95,0
50,2024-02-12,67,0
50,2024-02-19,45,0
50,2024-02-26,21,0
50,2024-03-04,7,0
50,2024-03-11,0,1
50,2024-03-18,113,0
50,2024-03-25,99,0
50,2024-04-01,69,0
50,2024-04-08,43,0
50,2024-04-15,27,0
50,2024-04-22,12,0
50,2024-04-29,0,1
50,2024-05-06,123,0
50,2024-05-13,86,0
50,2024-05-20,56,0
50,2024-05-27,29,0
50,2024-06-03,2,0
50,2024-06-10,0,1
50,2024-06-17,114,0
50,2024-06-24,87,0
50,2024-07-01,71,0
50,2024-07-08,25,0
50,2024-07-15,9,0
50,2024-07-22,0,1
50,2024-07-29,132,0
50,2024-08-05,105,0
50,2024-08-12,80,0
50,2024-08-19,51,0
50,2024-08-26,40,0
50,2024-09-02,8,0
50,2024-09-09,134,0
50,2024-09-16,112,0
50,2024-09-23,82,0
50,2024-09-30,57,0
50,2024-10-07,31,0
50,2024-10-14,2,0
50,2024-10-21,119,0
50,2024-10-28,98,0
50,2024-11-04,76,0
50,2024-11-11,51,0
50,2024-11-18,34,0
50,2024-11-25,3,0
50,2024-12-02,121,0
50,2024-12-09,97,0
50,2024-12-16,65,0
50,2024-12-23,42,0
51,2024-01-01,122,0
51,2024-01-08,97,0
51,2024-01-15,64,0
51,2024-01-22,32,0
51,2024-01-29,8,0
51,2024-02-05,160,0
51,2024-02-12,136,0
51,2024-02-19,113,0
51,2024-02-26,99,0
51,2024-03-04,72,0
51,2024-03-11,58,0
51,2024-03-18,33,0
51,2024-03-25,9,0
51,2024-04-01,150,0
51,2024-04-08,130,0
51,2024-04-15,107,0
51,2024-04-22,81,0
51,2024-04-29,57,0
51,2024-05-06,15,0
51,2024-05-13,0,1
51,2024-05-20,154,0
51,2024-05-27,122,0
51,2024-06-03,85,0
51,2024-06-10,59,0
51,2024-06-17,47,0
51,2024-06-24,19,0
51,2024-07-01,157,0
51,2024-07-08,125,0
51,2024-07-15,93,0
51,2024-07-22,73,0
51,2024-07-29,54,0
51,2024-08-05,24,0
51,2024-08-12,187,0
51,2024-08-19,150,0
51,2024-08-26,128,0
51,2024-09-02,99,0
51,2024-09-09,86,0
51,2024-09-16,60,0
51,2024-09-23,41,0
51,2024-09-30,32,0
51,2024-10-07,178,0
51,2024-10-14,-135,0
51,2024-10-21,94,0
51,2024-10-28,58,0
51,2024-11-04,32,0
51,2024-11-11,0,1
51,2024-11-18,0,1
51,2024-11-25,149,0
51,2024-12-02,130,0
51,2024-12-09,105,0
51,2024-12-16,60,0
51,2024-12-23,31,0
52,2024-01-01,14,0
52,2024-01-08,13,0
52,2024-01-15,11,0
52,2024-01-22,8,0
52,2024-01-29,6,0
52,2024-02-05,3,0
52,2024-02-12,1,0
52,2024-02-19,0,0
52,2024-02-26,16,0
52,2024-03-04,13,0
52,2024-03-11,10,0
52,2024-03-18,9,0
52,2024-03-25,7,0
52,2024-04-01,2,0
52,2024-04-08,1,0
52,2024-04-15,0,1
52,2024-04-22,0,1
52,2024-04-29,0,1
52,2024-05-06,16,0
52,2024-05-13,13,0
52,2024-05-20,12,0
52,2024-05-27,9,0
52,2024-06-03,7,0
52,2024-06-10,5,0
52,2024-06-17,2,0
52,2024-06-24,0,0
52,2024-07-01,0,1
52,2024-07-08,16,0
52,2024-07-15,13,0
52,2024-07-22,10,0
52,2024-07-29,8,0
52,2024-08-05,6,0
52,2024-08-12,4,0
52,2024-08-19,0,0
52,2024-08-26,0,1
52,2024-09-02,0,1
52,2024-09-09,15,0
52,2024-09-16,12,0
52,2024-09-23,9,0
52,2024-09-30,7,0
52,2024-10-07,5,0
52,2024-10-14,3,0
52,2024-10-21,1,0
52,2024-10-28,0,1
52,2024-11-04,0,1
52,2024-11-11,0,1
52,2024-11-18,14,0
52,2024-11-25,11,0
52,2024-12-02,9,0
52,2024-12-09,8,0
52,2024-12-16,6,0
52,2024-12-23,4,0
53,2024-01-01,41,0
53,2024-01-08,31,0
53,2024-01-15,23,0
53,2024-01-22,15,0
53,2024-01-29,5,0
53,2024-02-05,0,1
53,2024-02-12,50,0
53,2024-02-19,40,0
53,2024-02-26,30,0
53,2024-03-04,24,0
53,2024-03-11,7,0
53,2024-03-18,1,0
53,2024-03-25,0,1
53,2024-04-01,57,0
53,2024-04-08,48,0
53,2024-04-15,41,0
53,2024-04-22,23,0
53,2024-04-29,12,0
53,2024-05-06,1,0
53,2024-05-13,0,1
53,2024-05-20,58,0
53,2024-05-27,47,0
53,2024-06-03,36,0
53,2024-06-10,27,0
53,2024-06-17,13,0
53,2024-06-24,3,0
53,2024-07-01,0,1
53,2024-07-08,0,1
53,2024-07-15,55,0
53,2024-07-22,47,0
53,2024-07-29,39,0
53,2024-08-05,30,0
53,2024-08-12,15,0
53,2024-08-19,6,0
53,2024-08-26,0,1
53,2024-09-02,0,1
53,2024-09-09,54,0
53,2024-09-16,45,0
53,2024-09-23,32,0
53,2024-09-30,25,0
53,2024-10-07,12,0
53,2024-10-14,1,0
53,2024-10-21,0,1
53,2024-10-28,56,0
53,2024-11-04,40,0
53,2024-11-11,29,0
53,2024-11-18,21,0
53,2024-11-25,14,0
53,2024-12-02,2,0
53,2024-12-09,0,1
53,2024-12-16,53,0
53,2024-12-23,47,0
54,2024-01-01,143,0
54,2024-01-08,99,0
54,2024-01-15,63,0
54,2024-01-22,223,0
54,2024-01-29,200,0
54,2024-02-05,177,0
54,2024-02-12,135,0
54,2024-02-19,92,0
54,2024-02-26,70,0
54,2024-03-04,50,0
54,2024-03-11,217,0
54,2024-03-18,192,0
54,2024-03-25,168,0
54,2024-04-01,148,0
54,2024-04-08,120,0
54,2024-04-15,99,0
54,2024-04-22,77,0
54,2024-04-29,42,0
54,2024-05-06,208,0
54,2024-05-13,171,0
54,2024-05-20,155,0
54,2024-05-27,122,0
54,2024-06-03,69,0
54,2024-06-10,40,0
54,2024-06-17,197,0
54,2024-06-24,156,0
54,2024-07-01,115,0
54,2024-07-08,81,0
54,2024-07-15,241,0
54,2024-07-22,202,0
54,2024-07-29,163,0
54,2024-08-05,142,0
54,2024-08-12,126,0
54,2024-08-19,109,0
54,2024-08-26,79,0
54,2024-09-02,41,0
54,2024-09-09,19,0
54,2024-09-16,175,0
54,2024-09-23,147,0
54,2024-09-30,119,0
54,2024-10-07,95,0
54,2024-10-14,81,0
54,2024-10-21,46,0
54,2024-10-28,195,0
54,2024-11-04,163,0
54,2024-11-11,149,0
54,2024-11-18,109,0
54,2024-11-25,93,0
54,2024-12-02,72,0
54,2024-12-09,240,0
54,2024-12-16,206,0
54,2024-12-23,183,0
55,2024-01-01,4,0
55,2024-01-08,3,0
55,2024-01-15,2,0
55,2024-01-22,1,0
55,2024-01-29,6,0
55,2024-02-05,5,0
55,2024-02-12,5,0
55,2024-02-19,4,0
55,2024-02-26,3,0
55,2024-03-04,2,0
55,2024-03-11,1,0
55,2024-03-18,7,0
55,2024-03-25,7,0
55,2024-04-01,7,0
55,2024-04-08,6,0
55,2024-04-15,6,0
55,2024-04-22,5,0
55,2024-04-29,4,0
55,2024-05-06,4,0
55,2024-05-13,3,0
55,2024-05-20,3,0
55,2024-05-27,2,0
55,2024-06-03,2,0
55,2024-06-10,2,0
55,2024-06-17,1,0
55,2024-06-24,7,0
55,2024-07-01,7,0
55,2024-07-08,7,0
55,2024-07-15,7,0
55,2024-07-22,6,0
55,2024-07-29,6,0
55,2024-08-05,5,0
55,2024-08-12,4,0
55,2024-08-19,3,0
55,2024-08-26,3,0
55,2024-09-02,3,0
55,2024-09-09,2,0
55,2024-09-16,2,0
55,2024-09-23,2,0
55,2024-09-30,2,0
55,2024-10-07,2,0
55,2024-10-14,2,0
55,2024-10-21,1,0
55,2024-10-28,7,0
55,2024-11-04,7,0
55,2024-11-11,7,0
55,2024-11-18,6,0
55,2024-11-25,5,0
55,2024-12-02,5,0
55,2024-12-09,5,0
55,2024-12-16,-5,0
55,2024-12-23,4,0
56,2024-01-01,32,0
56,2024-01-08,20,0
56,2024-01-15,13,0
56,2024-01-22,55,0
56,2024-01-29,50,0
56,2024-02-05,43,0
56,2024-02-12,35,0
56,2024-02-19,27,0
56,2024-02-26,15,0
56,2024-03-04,6,0
56,2024-03-11,0,1
56,2024-03-18,42,0
56,2024-03-25,34,0
56,2024-04-01,29,0
56,2024-04-08,21,0
56,2024-04-15,12,0
56,2024-04-22,53,0
56,2024-04-29,47,0
56,2024-05-06,45,0
56,2024-05-13,35,0
56,2024-05-20,27,0
56,2024-05-27,18,0
56,2024-06-03,62,0
56,2024-06-10,51,0
56,2024-06-17,45,0
56,2024-06-24,38,0
56,2024-07-01,33,0
56,2024-07-08,30,0
56,2024-07-15,20,0
56,2024-07-22,9,0
56,2024-07-29,50,0
56,2024-08-05,44,0
56,2024-08-12,37,0
56,2024-08-19,30,0
56,2024-08-26,25,0
56,2024-09-02,18,0
56,2024-09-09,58,0
56,2024-09-16,48,0
56,2024-09-23,40,0
56,2024-09-30,36,0
56,2024-10-07,28,0
56,2024-10-14,21,0
56,2024-10-21,10,0
56,2024-10-28,47,0
56,2024-11-04,36,0
56,2024-11-11,30,0
56,2024-11-18,18,0
56,2024-11-25,58,0
56,2024-12-02,47,0
56,2024-12-09,41,0
56,2024-12-16,34,0
56,2024-12-23,26,0
57,2024-01-01,114,0
57,2024-01-08,75,0
57,2024-01-15,49,0
57,2024-01-22,184,0
57,2024-01-29,149,0
57,2024-02-05,122,0
57,2024-02-12,88,0
57,2024-02-19,64,0
57,2024-02-26,189,0
57,2024-03-04,184,0
57,2024-03-11,150,0
57,2024-03-18,137,0
57,2024-03-25,110,0
57,2024-04-01,82,0
57,2024-04-08,40,0
57,2024-04-15,18,0
57,2024-04-22,152,0
57,2024-04-29,134,0
57,2024-05-06,94,0
57,2024-05-13,70,0
57,2024-05-20,215,0
57,2024-05-27,189,0
57,2024-06-03,149,0
57,2024-06-10,111,0
57,2024-06-17,79,0
57,2024-06-24,61,0
57,2024-07-01,39,0
57,2024-07-08,19,0
57,2024-07-15,184,0
57,2024-07-22,145,0
57,2024-07-29,119,0
57,2024-08-05,93,0
57,2024-08-12,51,0
57,2024-08-19,27,0
57,2024-08-26,180,0
57,2024-09-02,153,0
57,2024-09-09,134,0
57,2024-09-16,103,0
57,2024-09-23,78,0
57,2024-09-30,54,0
57,2024-10-07,31,0
57,2024-10-14,177,0
57,2024-10-21,148,0
57,2024-10-28,-125,0
57,2024-11-04,99,0
57,2024-11-11,71,0
57,2024-11-18,218,0
57,2024-11-25,189,0
57,2024-12-02,166,0
57,2024-12-09,129,0
57,2024-12-16,100,0
57,2024-12-23,76,0
58,2024-01-01,39,0
58,2024-01-08,30,0
58,2024-01-15,26,0
58,2024-01-22,15,0
58,2024-01-29,9,0
58,2024-02-05,0,1
58,2024-02-12,0,1
58,2024-02-19,48,0
58,2024-02-26,40,0
58,2024-03-04,30,0
58,2024-03-11,17,0
58,2024-03-18,8,0
58,2024-03-25,0,0
58,2024-04-01,0,1
58,2024-04-08,49,0
58,2024-04-15,41,0
58,2024-04-22,37,0
58,2024-04-29,29,0
58,2024-05-06,17,0
58,2024-05-13,10,0
58,2024-05-20,1,0
58,2024-05-27,0,1
58,2024-06-03,56,0
58,2024-06-10,49,0
58,2024-06-17,37,0
58,2024-06-24,35,0
58,2024-07-01,25,0
58,2024-07-08,19,0
58,2024-07-15,8,0
58,2024-07-22,0,1
58,2024-07-29,0,1
58,2024-08-05,0,1
58,2024-08-12,0,1
58,2024-08-19,55,0
58,2024-08-26,40,0
58,2024-09-02,33,0
58,2024-09-09,19,0
58,2024-09-16,12,0
58,2024-09-23,1,0
58,2024-09-30,0,1
58,2024-10-07,49,0
58,2024-10-14,40,0
58,2024-10-21,31,0
58,2024-10-28,20,0
58,2024-11-04,12,0
58,2024-11-11,7,0
58,2024-11-18,0,1
58,2024-11-25,0,1
58,2024-12-02,0,1
58,2024-12-09,48,0
58,2024-12-16,40,0
58,2024-12-23,27,0
59,2024-01-01,11,0
59,2024-01-08,9,0
59,2024-01-15,5,0
59,2024-01-22,4,0
59,2024-01-29,2,0
59,2024-02-05,18,0
59,2024-02-12,15,0
59,2024-02-19,11,0
59,2024-02-26,8,0
59,2024-03-04,5,0
59,2024-03-11,3,0
59,2024-03-18,2,0
59,2024-03-25,1,0
59,2024-04-01,15,0
59,2024-04-08,14,0
59,2024-04-15,12,0
59,2024-04-22,8,0
59,2024-04-29,5,0
59,2024-05-06,2,0
59,2024-05-13,0,1
59,2024-05-20,14,0
59,2024-05-27,11,0
59,2024-06-03,8,0
59,2024-06-10,6,0
59,2024-06-17,3,0
59,2024-06-24,1,0
59,2024-07-01,17,0
59,2024-07-08,14,0
59,2024-07-15,11,0
59,2024-07-22,7,0
59,2024-07-29,3,0
59,2024-08-05,0,0
59,2024-08-12,0,1
59,2024-08-19,0,1
59,2024-08-26,0,1
59,2024-09-02,16,0
59,2024-09-09,13,0
59,2024-09-16,11,0
59,2024-09-23,8,0
59,2024-09-30,7,0
59,2024-10-07,5,0
59,2024-10-14,2,0
59,2024-10-21,0,1
59,2024-10-28,0,1
59,2024-11-04,16,0
59,2024-11-11,15,0
59,2024-11-18,13,0
59,2024-11-25,10,0
59,2024-12-02,8,0
59,2024-12-09,6,0
59,2024-12-16,4,0
59,2024-12-23,2,0
60,2024-01-01,24,0
60,2024-01-08,19,0
60,2024-01-15,11,0
60,2024-01-22,45,0
60,2024-01-29,40,0
60,2024-02-05,36,0
60,2024-02-12,30,0
60,2024-02-19,24,0
60,2024-02-26,16,0
60,2024-03-04,7,0
60,2024-03-11,39,0
60,2024-03-18,33,0
60,2024-03-25,27,0
60,2024-04-01,23,0
60,2024-04-08,-17,0
60,2024-04-15,11,0
60,2024-04-22,43,0
60,2024-04-29,38,0
60,2024-05-06,34,0
60,2024-05-13,27,0
60,2024-05-20,18,0
60,2024-05-27,12,0
60,2024-06-03,42,0
60,2024-06-10,36,0
60,2024-06-17,28,0
60,2024-06-24,20,0
60,2024-07-01,15,0
60,2024-07-08,9,0
60,2024-07-15,38,0
60,2024-07-22,35,0
60,2024-07-29,27,0
60,2024-08-05,18,0
60,2024-08-12,10,0
60,2024-08-19,43,0
60,2024-08-26,41,0
60,2024-09-02,34,0
60,2024-09-09,30,0
60,2024-09-16,24,0
60,2024-09-23,16,0
60,2024-09-30,12,0
60,2024-10-07,43,0
60,2024-10-14,37,0
60,2024-10-21,34,0
60,2024-10-28,30,0
60,2024-11-04,24,0
60,2024-11-11,19,0
60,2024-11-18,12,0
60,2024-11-25,38,0
60,2024-12-02,32,0
60,2024-12-09,28,0
60,2024-12-16,20,0
60,2024-12-23,17,0
61,2024-01-01,22,0
61,2024-01-08,18,0
61,2024-01-15,14,0
61,2024-01-22,10,0
61,2024-01-29,36,0
61,2024-02-05,31,0
61,2024-02-12,25,0
61,2024-02-19,20,0
61,2024-02-26,16,0
61,2024-03-04,10,0
61,2024-03-11,37,0
61,2024-03-18,-36,0
61,2024-03-25,29,0
61,2024-04-01,23,0
61,2024-04-08,20,0
61,2024-04-15,16,0
61,2024-04-22,13,0
61,2024-04-29,8,0
61,2024-05-06,31,0
61,2024-05-13,25,0
61,2024-05-20,19,0
61,2024-05-27,13,0
61,2024-06-03,9,0
61,2024-06-10,33,0
61,2024-06-17,27,0
61,2024-06-24,20,0
61,2024-07-01,16,0
61,2024-07-08,14,0
61,2024-07-15,8,0
61,2024-07-22,33,0
61,2024-07-29,29,0
61,2024-08-05,25,0
61,2024-08-12,17,0
61,2024-08-19,13,0
61,2024-08-26,10,0
61,2024-09-02,35,0
61,2024-09-09,29,0
61,2024-09-16,21,0
61,2024-09-23,16,0
61,2024-09-30,13,0
61,2024-10-07,6,0
61,2024-10-14,32,0
61,2024-10-21,29,0
61,2024-10-28,26,0
61,2024-11-04,20,0
61,2024-11-11,15,0
61,2024-11-18,10,0
61,2024-11-25,34,0
61,2024-12-02,31,0
61,2024-12-09,24,0
61,2024-12-16,20,0
61,2024-12-23,12,0
62,2024-01-01,69,0
62,2024-01-08,56,0
62,2024-01-15,49,0
62,2024-01-22,27,0
62,2024-01-29,120,0
62,2024-02-05,103,0
62,2024-02-12,81,0
62,2024-02-19,58,0
62,2024-02-26,34,0
62,2024-03-04,131,0
62,2024-03-11,106,0
62,2024-03-18,92,0
62,2024-03-25,87,0
62,2024-04-01,76,0
62,2024-04-08,57,0
62,2024-04-15,45,0
62,2024-04-22,28,0
62,2024-04-29,117,0
62,2024-05-06,100,0
62,2024-05-13,85,0
62,2024-05-20,74,0
62,2024-05-27,56,0
62,2024-06-03,50,0
62,2024-06-10,36,0
62,2024-06-17,132,0
62,2024-06-24,116,0
62,2024-07-01,100,0
62,2024-07-08,77,0
62,2024-07-15,51,0
62,2024-07-22,40,0
62,2024-07-29,120,0
62,2024-08-05,107,0
62,2024-08-12,89,0
62,2024-08-19,69,0
62,2024-08-26,38,0
62,2024-09-02,131,0
62,2024-09-09,123,0
62,2024-09-16,97,0
62,2024-09-23,84,0
62,2024-09-30,68,0
62,2024-10-07,57,0
62,2024-10-14,41,0
62,2024-10-21,136,0
62,2024-10-28,115,0
62,2024-11-04,97,0
62,2024-11-11,83,0
62,2024-11-18,60,0
62,2024-11-25,41,0
62,2024-12-02,141,0
62,2024-12-09,119,0
62,2024-12-16,101,0
62,2024-12-23,76,0
63,2024-01-01,210,0
63,2024-01-08,170,0
63,2024-01-15,121,0
63,2024-01-22,374,0
63,2024-01-29,334,0
63,2024-02-05,289,0
63,2024-02-12,240,0
63,2024-02-19,206,0
63,2024-02-26,166,0
63,2024-03-04,111,0
63,2024-03-11,357,0
63,2024-03-18,299,0
63,2024-03-25,247,0
63,2024-04-01,208,0
63,2024-04-08,138,0
63,2024-04-15,79,0
63,2024-04-22,38,0
63,2024-04-29,0,1
63,2024-05-06,257,0
63,2024-05-13,217,0
63,2024-05-20,166,0
63,2024-05-27,121,0
63,2024-06-03,345,0
63,2024-06-10,284,0
63,2024-06-17,229,0
63,2024-06-24,169,0
63,2024-07-01,95,0
63,2024-07-08,362,0
63,2024-07-15,319,0
63,2024-07-22,253,0
63,2024-07-29,203,0
63,2024-08-05,168,0
63,2024-08-12,136,0
63,2024-08-19,59,0
63,2024-08-26,322,0
63,2024-09-02,279,0
63,2024-09-09,230,0
63,2024-09-16,165,0
63,2024-09-23,117,0
63,2024-09-30,406,0
63,2024-10-07,348,0
63,2024-10-14,276,0
63,2024-10-21,205,0
63,2024-10-28,161,0
63,2024-11-04,88,0
63,2024-11-11,350,0
63,2024-11-18,278,0
63,2024-11-25,216,0
63,2024-12-02,188,0
63,2024-12-09,108,0
63,2024-12-16,373,0
63,2024-12-23,311,0
64,2024-01-01,18,0
64,2024-01-08,14,0
64,2024-01-15,9,0
64,2024-01-22,3,0
64,2024-01-29,0,1
64,2024-02-05,0,1
64,2024-02-12,22,0
64,2024-02-19,18,0
64,2024-02-26,15,0
64,2024-03-04,11,0
64,2024-03-11,9,0
64,2024-03-18,6,0
64,2024-03-25,3,0
64,2024-04-01,0,0
64,2024-04-08,21,0
64,2024-04-15,18,0
64,2024-04-22,14,0
64,2024-04-29,13,0
64,2024-05-06,12,0
64,2024-05-13,9,0
64,2024-05-20,6,0
64,2024-05-27,2,0
64,2024-06-03,0,1
64,2024-06-10,20,0
64,2024-06-17,16,0
64,2024-06-24,13,0
64,2024-07-01,8,0
64,2024-07-08,4,0
64,2024-07-15,0,0
64,2024-07-22,0,1
64,2024-07-29,18,0
64,2024-08-05,14,0
64,2024-08-12,11,0
64,2024-08-19,7,0
64,2024-08-26,5,0
64,2024-09-02,1,0
64,2024-09-09,0,1
64,2024-09-16,20,0
64,2024-09-23,17,0
64,2024-09-30,15,0
64,2024-10-07,12,0
64,2024-10-14,8,0
64,2024-10-21,6,0
64,2024-10-28,0,0
64,2024-11-04,0,0
64,2024-11-11,21,0
64,2024-11-18,17,0
64,2024-11-25,13,0
64,2024-12-02,11,0
64,2024-12-09,6,0
64,2024-12-16,4,0
64,2024-12-23,1,0
65,2024-01-01,19,0
65,2024-01-08,13,0
65,2024-01-15,11,0
65,2024-01-22,3,0
65,2024-01-29,0,0
65,2024-02-05,0,1
65,2024-02-12,0,1
65,2024-02-19,0,1
65,2024-02-26,26,0
65,2024-03-04,21,0
65,2024-03-11,19,0
65,2024-03-18,17,0
65,2024-03-25,13,0
65,2024-04-01,7,0
65,2024-04-08,3,0
65,2024-04-15,0,1
65,2024-04-22,0,1
65,2024-04-29,0,1
65,2024-05-06,25,0
65,2024-05-13,20,0
65,2024-05-20,15,0
65,2024-05-27,11,0
65,2024-06-03,7,0
65,2024-06-10,4,0
65,2024-06-17,3,0
65,2024-06-24,0,1
65,2024-07-01,25,0
65,2024-07-08,20,0
65,2024-07-15,15,0
65,2024-07-22,12,0
65,2024-07-29,9,0
65,2024-08-05,5,0
65,2024-08-12,0,1
65,2024-08-19,0,1
65,2024-08-26,29,0
65,2024-09-02,25,0
65,2024-09-09,19,0
65,2024-09-16,17,0
65,2024-09-23,14,0
65,2024-09-30,9,0
65,2024-10-07,1,0
65,2024-10-14,0,1
65,2024-10-21,0,1
65,2024-10-28,25,0
65,2024-11-04,19,0
65,2024-11-11,15,0
65,2024-11-18,13,0
65,2024-11-25,8,0
65,2024-12-02,3,0
65,2024-12-09,0,1
65,2024-12-16,0,1
65,2024-12-23,24,0
66,2024-01-01,4,0
66,2024-01-08,3,0
66,2024-01-15,3,0
66,2024-01-22,-4,0
66,2024-01-29,2,0
66,2024-02-05,2,0
66,2024-02-12,2,0
66,2024-02-19,1,0
66,2024-02-26,1,0
66,2024-03-04,1,0
66,2024-03-11,6,0
66,2024-03-18,6,0
66,2024-03-25,5,0
66,2024-04-01,5,0
66,2024-04-08,5,0
66,2024-04-15,5,0
66,2024-04-22,4,0
66,2024-04-29,3,0
66,2024-05-06,2,0
66,2024-05-13,2,0
66,2024-05-20,2,0
66,2024-05-27,1,0
66,2024-06-03,0,0
66,2024-06-10,0,1
66,2024-06-17,5,0
66,2024-06-24,4,0
66,2024-07-01,3,0
66,2024-07-08,3,0
66,2024-07-15,2,0
66,2024-07-22,1,0
66,2024-07-29,1,0
66,2024-08-05,1,0
66,2024-08-12,1,0
66,2024-08-19,1,0
66,2024-08-26,6,0
66,2024-09-02,6,0
66,2024-09-09,6,0
66,2024-09-16,5,0
66,2024-09-23,5,0
66,2024-09-30,4,0
66,2024-10-07,4,0
66,2024-10-14,3,0
66,2024-10-21,3,0
66,2024-10-28,3,0
66,2024-11-04,2,0
66,2024-11-11,1,0
66,2024-11-18,1,0
66,2024-11-25,0,0
66,2024-12-02,5,0
66,2024-12-09,4,0
66,2024-12-16,3,0
66,2024-12-23,2,0
67,2024-01-01,39,0
67,2024-01-08,31,0
67,2024-01-15,22,0
67,2024-01-22,11,0
67,2024-01-29,3,0
67,2024-02-05,0,1
67,2024-02-12,0,1
67,2024-02-19,0,1
67,2024-02-26,54,0
67,2024-03-04,42,0
67,2024-03-11,30,0
67,2024-03-18,18,0
67,2024-03-25,11,0
67,2024-04-01,7,0
67,2024-04-08,0,1
67,2024-04-15,0,1
67,2024-04-22,0,1
67,2024-04-29,53,0
67,2024-05-06,41,0
67,2024-05-13,28,0
67,2024-05-20,19,0
67,2024-05-27,8,0
67,2024-06-03,0,1
67,2024-06-10,0,1
67,2024-06-17,49,0
67,2024-06-24,35,0
67,2024-07-01,25,0
67,2024-07-08,20,0
67,2024-07-15,13,0
67,2024-07-22,9,0
67,2024-07-29,0,1
67,2024-08-05,48,0
67,2024-08-12,40,0
67,2024-08-19,35,0
67,2024-08-26,28,0
67,2024-09-02,20,0
67,2024-09-09,10,0
67,2024-09-16,0,0
67,2024-09-23,0,1
67,2024-09-30,53,0
67,2024-10-07,48,0
67,2024-10-14,42,0
67,2024-10-21,33,0
67,2024-10-28,26,0
67,2024-11-04,17,0
67,2024-11-11,9,0
67,2024-11-18,0,1
67,2024-11-25,0,1
67,2024-12-02,52,0
67,2024-12-09,40,0
67,2024-12-16,32,0
67,2024-12-23,21,0
68,2024-01-01,16,0
68,2024-01-08,12,0
68,2024-01-15,10,0
68,2024-01-22,5,0
68,2024-01-29,0,1
68,2024-02-05,20,0
68,2024-02-12,18,0
68,2024-02-19,14,0
68,2024-02-26,9,0
68,2024-03-04,6,0
68,2024-03-11,3,0
68,2024-03-18,23,0
68,2024-03-25,-19,0
68,2024-04-01,14,0
68,2024-04-08,10,0
68,2024-04-15,7,0
68,2024-04-22,27,0
68,2024-04-29,24,0
68,2024-05-06,19,0
68,2024-05-13,14,0
68,2024-05-20,10,0
68,2024-05-27,7,0
68,2024-06-03,28,0
68,2024-06-10,22,0
68,2024-06-17,19,0
68,2024-06-24,14,0
68,2024-07-01,10,0
68,2024-07-08,7,0
68,2024-07-15,29,0
68,2024-07-22,25,0
68,2024-07-29,21,0
68,2024-08-05,15,0
68,2024-08-12,13,0
68,2024-08-19,7,0
68,2024-08-26,27,0
68,2024-09-02,23,0
68,2024-09-09,20,0
68,2024-09-16,16,0
68,2024-09-23,12,0
68,2024-09-30,-8,0
68,2024-10-07,29,0
68,2024-10-14,24,0
68,2024-10-21,20,0
68,2024-10-28,16,0
68,2024-11-04,13,0
68,2024-11-11,11,0
68,2024-11-18,7,0
68,2024-11-25,27,0
68,2024-12-02,25,0
68,2024-12-09,21,0
68,2024-12-16,16,0
68,2024-12-23,13,0
69,2024-01-01,18,0
69,2024-01-08,15,0
69,2024-01-15,11,0
69,2024-01-22,-9,0
69,2024-01-29,5,0
69,2024-02-05,1,0
69,2024-02-12,0,1
69,2024-02-19,22,0
69,2024-02-26,22,0
69,2024-03-04,17,0
69,2024-03-11,13,0
69,2024-03-18,8,0
69,2024-03-25,6,0
69,2024-04-01,2,0
69,2024-04-08,0,1
69,2024-04-15,0,1
69,2024-04-22,22,0
69,2024-04-29,16,0
69,2024-05-06,11,0
69,2024-05-13,8,0
69,2024-05-20,4,0
69,2024-05-27,1,0
69,2024-06-03,0,1
69,2024-06-10,0,1
69,2024-06-17,22,0
69,2024-06-24,19,0
69,2024-07-01,15,0
69,2024-07-08,10,0
69,2024-07-15,5,0
69,2024-07-22,4,0
69,2024-07-29,1,0
69,2024-08-05,0,1
69,2024-08-12,21,0
69,2024-08-19,17,0
69,2024-08-26,15,0
69,2024-09-02,12,0
69,2024-09-09,8,0
69,2024-09-16,4,0
69,2024-09-23,0,0
69,2024-09-30,0,1
69,2024-10-07,21,0
69,2024-10-14,17,0
69,2024-10-21,13,0
69,2024-10-28,11,0
69,2024-11-04,9,0
69,2024-11-11,7,0
69,2024-11-18,2,0
69,2024-11-25,0,1
69,2024-12-02,21,0
69,2024-12-09,18,0
69,2024-12-16,15,0
69,2024-12-23,10,0
70,2024-01-01,35,0
70,2024-01-08,27,0
70,2024-01-15,14,0
70,2024-01-22,4,0
70,2024-01-29,0,1
70,2024-02-05,0,1
70,2024-02-12,51,0
70,2024-02-19,41,0
70,2024-02-26,31,0
70,2024-03-04,26,0
70,2024-03-11,16,0
70,2024-03-18,8,0
70,2024-03-25,3,0
70,2024-04-01,0,1
70,2024-04-08,0,1
70,2024-04-15,0,1
70,2024-04-22,54,0
70,2024-04-29,47,0
70,2024-05-06,37,0
70,2024-05-13,31,0
70,2024-05-20,23,0
70,2024-05-27,18,0
70,2024-06-03,6,0
70,2024-06-10,0,1
70,2024-06-17,51,0
70,2024-06-24,39,0
70,2024-07-01,32,0
70,2024-07-08,23,0
70,2024-07-15,17,0
70,2024-07-22,11,0
70,2024-07-29,4,0
70,2024-08-05,56,0
70,2024-08-12,48,0
70,2024-08-19,38,0
70,2024-08-26,31,0
70,2024-09-02,21,0
70,2024-09-09,10,0
70,2024-09-16,2,0
70,2024-09-23,0,1
70,2024-09-30,0,1
70,2024-10-07,0,1
70,2024-10-14,50,0
70,2024-10-21,36,0
70,2024-10-28,26,0
70,2024-11-04,18,0
70,2024-11-11,11,0
70,2024-11-18,4,0
70,2024-11-25,0,1
70,2024-12-02,48,0
70,2024-12-09,45,0
70,2024-12-16,34,0
70,2024-12-23,27,0
71,2024-01-01,17,0
71,2024-01-08,15,0
71,2024-01-15,10,0
71,2024-01-22,6,0
71,2024-01-29,2,0
71,2024-02-05,0,1
71,2024-02-12,0,1
71,2024-02-19,22,0
71,2024-02-26,19,0
71,2024-03-04,16,0
71,2024-03-11,13,0
71,2024-03-18,10,0
71,2024-03-25,7,0
71,2024-04-01,3,0
71,2024-04-08,0,1
71,2024-04-15,0,1
71,2024-04-22,20,0
71,2024-04-29,17,0
71,2024-05-06,12,0
71,2024-05-13,9,0
71,2024-05-20,4,0
71,2024-05-27,2,0
71,2024-06-03,0,1
71,2024-06-10,21,0
71,2024-06-17,17,0
71,2024-06-24,12,0
71,2024-07-01,10,0
71,2024-07-08,8,0
71,2024-07-15,6,0
71,2024-07-22,1,0
71,2024-07-29,0,1
71,2024-08-05,0,1
71,2024-08-12,21,0
71,2024-08-19,16,0
71,2024-08-26,13,0
71,2024-09-02,10,0
71,2024-09-09,7,0
71,2024-09-16,5,0
71,2024-09-23,0,0
71,2024-09-30,0,1
71,2024-10-07,22,0
71,2024-10-14,17,0
71,2024-10-21,14,0
71,2024-10-28,10,0
71,2024-11-04,5,0
71,2024-11-11,2,0
71,2024-11-18,0,1
71,2024-11-25,0,1
71,2024-12-02,22,0
71,2024-12-09,17,0
71,2024-12-16,13,0
71,2024-12-23,10,0
72,2024-01-01,87,0
72,2024-01-08,75,0
72,2024-01-15,58,0
72,2024-01-22,39,0
72,2024-01-29,151,0
72,2024-02-05,131,0
72,2024-02-12,108,0
72,2024-02-19,89,0
72,2024-02-26,64,0
72,2024-03-04,49,0
72,2024-03-11,148,0
72,2024-03-18,-128,0
72,2024-03-25,97,0
72,2024-04-01,61,0
72,2024-04-08,43,0
72,2024-04-15,151,0
72,2024-04-22,132,0
72,2024-04-29,108,0
72,2024-05-06,79,0
72,2024-05-13,63,0
72,2024-05-20,40,0
72,2024-05-27,146,0
72,2024-06-03,122,0
72,2024-06-10,92,0
72,2024-06-17,73,0
72,2024-06-24,63,0
72,2024-07-01,38,0
72,2024-07-08,149,0
72,2024-07-15,129,0
72,2024-07-22,104,0
72,2024-07-29,82,0
72,2024-08-05,62,0
72,2024-08-12,45,0
72,2024-08-19,169,0
72,2024-08-26,144,0
72,2024-09-02,125,0
72,2024-09-09,95,0
72,2024-09-16,72,0
72,2024-09-23,55,0
72,2024-09-30,28,0
72,2024-10-07,126,0
72,2024-10-14,107,0
72,2024-10-21,79,0
72,2024-10-28,62,0
72,2024-11-04,40,0
72,2024-11-11,142,0
72,2024-11-18,117,0
72,2024-11-25,93,0
72,2024-12-02,75,0
72,2024-12-09,48,0
72,2024-12-16,154,0
72,2024-12-23,137,0
73,2024-01-01,79,0
73,2024-01-08,-50,0
73,2024-01-15,35,0
73,2024-01-22,123,0
73,2024-01-29,111,0
73,2024-02-05,90,0
73,2024-02-12,70,0
73,2024-02-19,42,0
73,2024-02-26,27,0
73,2024-03-04,128,0
73,2024-03-11,110,0
73,2024-03-18,82,0
73,2024-03-25,69,0
73,2024-04-01,65,0
73,2024-04-08,46,0
73,2024-04-15,22,0
73,2024-04-22,123,0
73,2024-04-29,100,0
73,2024-05-06,87,0
73,2024-05-13,69,0
73,2024-05-20,46,0
73,2024-05-27,34,0
73,2024-06-03,14,0
73,2024-06-10,103,0
73,2024-06-17,82,0
73,2024-06-24,68,0
73,2024-07-01,41,0
73,2024-07-08,19,0
73,2024-07-15,125,0
73,2024-07-22,102,0
73,2024-07-29,87,0
73,2024-08-05,67,0
73,2024-08-12,43,0
73,2024-08-19,142,0
73,2024-08-26,133,0
73,2024-09-02,106,0
73,2024-09-09,81,0
73,2024-09-16,63,0
73,2024-09-23,40,0
73,2024-09-30,24,0
73,2024-10-07,5,0
73,2024-10-14,101,0
73,2024-10-21,84,0
73,2024-10-28,63,0
73,2024-11-04,51,0
73,2024-11-11,34,0
73,2024-11-18,128,0
73,2024-11-25,99,0
73,2024-12-02,87,0
73,2024-12-09,66,0
73,2024-12-16,44,0
73,2024-12-23,150,0
74,2024-01-01,58,0
74,2024-01-08,40,0
74,2024-01-15,23,0
74,2024-01-22,9,0
74,2024-01-29,83,0
74,2024-02-05,68,0
74,2024-02-12,61,0
74,2024-02-19,46,0
74,2024-02-26,33,0
74,2024-03-04,22,0
74,2024-03-11,86,0
74,2024-03-18,66,0
74,2024-03-25,57,0
74,2024-04-01,41,0
74,2024-04-08,20,0
74,2024-04-15,12,0
74,2024-04-22,0,1
74,2024-04-29,0,1
74,2024-05-06,81,0
74,2024-05-13,65,0
74,2024-05-20,45,0
74,2024-05-27,24,0
74,2024-06-03,11,0
74,2024-06-10,0,1
74,2024-06-17,0,1
74,2024-06-24,74,0
74,2024-07-01,66,0
74,2024-07-08,51,0
74,2024-07-15,39,0
74,2024-07-22,22,0
74,2024-07-29,8,0
74,2024-08-05,0,1
74,2024-08-12,79,0
74,2024-08-19,56,0
74,2024-08-26,40,0
74,2024-09-02,33,0
74,2024-09-09,16,0
74,2024-09-16,92,0
74,2024-09-23,77,0
74,2024-09-30,59,0
74,2024-10-07,39,0
74,2024-10-14,28,0
74,2024-10-21,14,0
74,2024-10-28,2,0
74,2024-11-04,0,1
74,2024-11-11,77,0
74,2024-11-18,62,0
74,2024-11-25,49,0
74,2024-12-02,35,0
74,2024-12-09,13,0
74,2024-12-16,78,0
74,2024-12-23,62,0
75,2024-01-01,44,0
75,2024-01-08,39,0
75,2024-01-15,31,0
75,2024-01-22,21,0
75,2024-01-29,13,0
75,2024-02-05,5,0
75,2024-02-12,0,1
75,2024-02-19,55,0
75,2024-02-26,44,0
75,2024-03-04,36,0
75,2024-03-11,22,0
75,2024-03-18,12,0
75,2024-03-25,3,0
75,2024-04-01,0,1
75,2024-04-08,56,0
75,2024-04-15,47,0
75,2024-04-22,31,0
75,2024-04-29,14,0
75,2024-05-06,8,0
75,2024-05-13,1,0
75,2024-05-20,0,1
75,2024-05-27,58,0
75,2024-06-03,47,0
75,2024-06-10,38,0
75,2024-06-17,27,0
75,2024-06-24,13,0
75,2024-07-01,6,0
75,2024-07-08,0,1
75,2024-07-15,0,1
75,2024-07-22,0,1
75,2024-07-29,0,1
75,2024-08-05,56,0
75,2024-08-12,49,0
75,2024-08-19,42,0
75,2024-08-26,29,0
75,2024-09-02,19,0
75,2024-09-09,5,0
75,2024-09-16,0,1
75,2024-09-23,0,1
75,2024-09-30,0,1
75,2024-10-07,0,1
75,2024-10-14,52,0
75,2024-10-21,45,0
75,2024-10-28,34,0
75,2024-11-04,19,0
75,2024-11-11,14,0
75,2024-11-18,3,0
75,2024-11-25,0,1
75,2024-12-02,55,0
75,2024-12-09,42,0
75,2024-12-16,31,0
75,2024-12-23,24,0
76,2024-01-01,-113,0
76,2024-01-08,74,0
76,2024-01-15,45,0
76,2024-01-22,12,0
76,2024-01-29,0,1
76,2024-02-05,0,1
76,2024-02-12,0,1
76,2024-02-19,0,1
76,2024-02-26,129,0
76,2024-03-04,93,0
76,2024-03-11,74,0
76,2024-03-18,52,0
76,2024-03-25,27,0
76,2024-04-01,0,1
76,2024-04-08,-1,1
76,2024-04-15,146,0
76,2024-04-22,120,0
76,2024-04-29,95,0
76,2024-05-06,78,0
76,2024-05-13,52,0
76,2024-05-20,28,0
76,2024-05-27,4,0
76,2024-06-03,0,1
76,2024-06-10,124,0
76,2024-06-17,100,0
76,2024-06-24,73,0
76,2024-07-01,47,0
76,2024-07-08,25,0
76,2024-07-15,0,1
76,2024-07-22,0,1
76,2024-07-29,135,0
76,2024-08-05,115,0
76,2024-08-12,90,0
76,2024-08-19,57,0
76,2024-08-26,32,0
76,2024-09-02,4,0
76,2024-09-09,0,1
76,2024-09-16,0,1
76,2024-09-23,0,1
76,2024-09-30,137,0
76,2024-10-07,118,0
76,2024-10-14,101,0
76,2024-10-21,66,0
76,2024-10-28,33,0
76,2024-11-04,1,0
76,2024-11-11,0,1
76,2024-11-18,137,0
76,2024-11-25,116,0
76,2024-12-02,97,0
76,2024-12-09,79,0
76,2024-12-16,43,0
76,2024-12-23,20,0
77,2024-01-01,11,0
77,2024-01-08,9,0
77,2024-01-15,7,0
77,2024-01-22,5,0
77,2024-01-29,3,0
77,2024-02-05,0,1
77,2024-02-12,0,1
77,2024-02-19,14,0
77,2024-02-26,12,0
77,2024-03-04,9,0
77,2024-03-11,7,0
77,2024-03-18,5,0
77,2024-03-25,4,0
77,2024-04-01,2,0
77,2024-04-08,1,0
77,2024-04-15,18,0
77,2024-04-22,15,0
77,2024-04-29,13,0
77,2024-05-06,9,0
77,2024-05-13,6,0
77,2024-05-20,2,0
77,2024-05-27,0,0
77,2024-06-03,0,1
77,2024-06-10,0,0
77,2024-06-17,16,0
77,2024-06-24,13,0
77,2024-07-01,10,0
77,2024-07-08,8,0
77,2024-07-15,5,0
77,2024-07-22,5,0
77,2024-07-29,2,0
77,2024-08-05,0,1
77,2024-08-12,0,1
77,2024-08-19,-1,1
77,2024-08-26,16,0
77,2024-09-02,13,0
77,2024-09-09,13,0
77,2024-09-16,11,0
77,2024-09-23,9,0
77,2024-09-30,7,0
77,2024-10-07,6,0
77,2024-10-14,2,0
77,2024-10-21,0,0
77,2024-10-28,0,1
77,2024-11-04,15,0
77,2024-11-11,11,0
77,2024-11-18,10,0
77,2024-11-25,7,0
77,2024-12-02,3,0
77,2024-12-09,1,0
77,2024-12-16,0,1
77,2024-12-23,0,1
78,2024-01-01,53,0
78,2024-01-08,43,0
78,2024-01-15,31,0
78,2024-01-22,91,0
78,2024-01-29,81,0
78,2024-02-05,70,0
78,2024-02-12,56,0
78,2024-02-19,44,0
78,2024-02-26,37,0
78,2024-03-04,25,0
78,2024-03-11,91,0
78,2024-03-18,75,0
78,2024-03-25,66,0
78,2024-04-01,50,0
78,2024-04-08,38,0
78,2024-04-15,30,0
78,2024-04-22,101,0
78,2024-04-29,81,0
78,2024-05-06,69,0
78,2024-05-13,53,0
78,2024-05-20,47,0
78,2024-05-27,24,0
78,2024-06-03,86,0
78,2024-06-10,74,0
78,2024-06-17,63,0
78,2024-06-24,48,0
78,2024-07-01,33,0
78,2024-07-08,20,0
78,2024-07-15,7,0
78,2024-07-22,0,1
78,2024-07-29,72,0
78,2024-08-05,61,0
78,2024-08-12,55,0
78,2024-08-19,40,0
78,2024-08-26,30,0
78,2024-09-02,102,0
78,2024-09-09,93,0
78,2024-09-16,80,0
78,2024-09-23,68,0
78,2024-09-30,60,0
78,2024-10-07,54,0
78,2024-10-14,41,0
78,2024-10-21,31,0
78,2024-10-28,98,0
78,2024-11-04,86,0
78,2024-11-11,72,0
78,2024-11-18,56,0
78,2024-11-25,43,0
78,2024-12-02,32,0
78,2024-12-09,19,0
78,2024-12-16,86,0
78,2024-12-23,80,0
79,2024-01-01,3,0
79,2024-01-08,2,0
79,2024-01-15,1,0
79,2024-01-22,6,0
79,2024-01-29,6,0
79,2024-02-05,6,0
79,2024-02-12,5,0
79,2024-02-19,5,0
79,2024-02-26,4,0
79,2024-03-04,4,0
79,2024-03-11,3,0
79,2024-03-18,2,0
79,2024-03-25,1,0
79,2024-04-01,7,0
79,2024-04-08,7,0
79,2024-04-15,7,0
79,2024-04-22,7,0
79,2024-04-29,7,0
79,2024-05-06,7,0
79,2024-05-13,6,0
79,2024-05-20,5,0
79,2024-05-27,4,0
79,2024-06-03,3,0
79,2024-06-10,3,0
79,2024-06-17,3,0
79,2024-06-24,3,0
79,2024-07-01,3,0
79,2024-07-08,2,0
79,2024-07-15,2,0
79,2024-07-22,1,0
79,2024-07-29,6,0
79,2024-08-05,5,0
79,2024-08-12,4,0
79,2024-08-19,3,0
79,2024-08-26,2,0
79,2024-09-02,1,0
79,2024-09-09,7,0
79,2024-09-16,7,0
79,2024-09-23,7,0
79,2024-09-30,7,0
79,2024-10-07,7,0
79,2024-10-14,6,0
79,2024-10-21,6,0
79,2024-10-28,6,0
79,2024-11-04,6,0
79,2024-11-11,6,0
79,2024-11-18,5,0
79,2024-11-25,4,0
79,2024-12-02,3,0
79,2024-12-09,3,0
79,2024-12-16,3,0
79,2024-12-23,3,0
80,2024-01-01,12,0
80,2024-01-08,11,0
80,2024-01-15,9,0
80,2024-01-22,7,0
80,2024-01-29,6,0
80,2024-02-05,5,0
80,2024-02-12,2,0
80,2024-02-19,17,0
80,2024-02-26,14,0
80,2024-03-04,12,0
80,2024-03-11,9,0
80,2024-03-18,5,0
80,2024-03-25,2,0
80,2024-04-01,0,0
80,2024-04-08,15,0
80,2024-04-15,13,0
80,2024-04-22,11,0
80,2024-04-29,8,0
80,2024-05-06,6,0
80,2024-05-13,2,0
80,2024-05-20,0,0
80,2024-05-27,0,1
80,2024-06-03,0,1
80,2024-06-10,17,0
80,2024-06-17,14,0
80,2024-06-24,-11,0
80,2024-07-01,8,0
80,2024-07-08,6,0
80,2024-07-15,4,0
80,2024-07-22,2,0
80,2024-07-29,16,0
80,2024-08-05,14,0
80,2024-08-12,12,0
80,2024-08-19,11,0
80,2024-08-26,8,0
80,2024-09-02,6,0
80,2024-09-09,5,0
80,2024-09-16,3,0
80,2024-09-23,0,1
80,2024-09-30,0,1
80,2024-10-07,15,0
80,2024-10-14,12,0
80,2024-10-21,8,0
80,2024-10-28,6,0
80,2024-11-04,4,0
80,2024-11-11,2,0
80,2024-11-18,19,0
80,2024-11-25,17,0
80,2024-12-02,14,0
80,2024-12-09,11,0
80,2024-12-16,8,0
80,2024-12-23,6,0
