class,Q-E,ZN-E,PH-E,DBO-E,DQO-E,SS-E,SSV-E,SED-E,COND-E,PH-P,DBO-P,SS-P,SSV-P,SED-P,COND-P,PH-D,DBO-D,DQO-D,SS-D,SSV-D,SED-D,COND-D,PH-S,DBO-S,DQO-S,SS-S,SSV-S,SED-S,COND-S,RD-DBO-P,RD-SS-P,RD-SED-P,RD-DBO-S,RD-DQO-S,RD-DBO-G,RD-DQO-G,RD-SS-G,RD-SED-G
Normal_situation,44101,1.50,7.8,,407,166,66.3,4.5,2110,7.9,,228,70.2,5.5,2120,7.9,,280,94,72.3,0.3,2010,7.3,,84,21,81.0,0.02,2000,,58.8,95.5,,70.0,,79.4,87.3,99.6
Normal_situation,39024,3.00,7.7,,443,214,69.2,6.5,2660,7.7,,244,75.4,7.7,2570,7.6,,474,96,79.2,0.4,2700,7.5,,91,17,94.1,0.00,2590,,60.7,94.8,,80.8,,79.5,92.1,100
Normal_situation,32229,5.00,7.6,,528,186,69.9,3.4,1666,7.7,,220,72.7,4.5,1594,7.7,,272,92,78.3,0.2,1742,7.6,,128,21,81,0.05,1888,,58.2,95.6,,52.9,,75.8,88.7,98.5
Normal_situation,35023,3.50,7.9,205,588,192,65.6,4.5,2430,7.8,236,268,73.1,8.5,2280,7.8,158,376,96,77.1,0.4,2060,7.6,20,104,20,96.7,0.00,1840,33.1,64.2,95.3,87.3,72.3,90.2,82.3,89.6,100
Normal_situation,36924,1.50,8.0,242,496,176,64.8,4.0,2110,7.9,,236,57.6,4.5,2020,7.8,,372,88,68.2,0.2,2250,7.6,19,108,22,65.9,0.02,2120,,62.7,95.6,,71.0,92.1,78.2,87.5,99.5
Normal_situation,38572,3.00,7.8,202,372,186,68.8,4.5,1644,7.8,,248,66.1,8.5,1762,7.7,150,460,100,76.0,0.3,1768,7.5,20,100,28,82.1,0.00,1764,,59.7,96.5,86.7,78.3,90.1,73.1,84.9,100
Normal_situation,41115,6.00,7.8,,552,262,64.1,5.0,1603,7.8,,320,67.5,6.5,1608,7.8,192,376,122,72.1,0.4,1668,7.5,21,76,26,84.6,0.05,1703,,61.9,93.8,89.1,79.8,,86.2,90.1,99.0
Normal_situation,36107,5.00,7.7,215,489,334,40.7,6.0,1613,7.6,,304,53.9,8.0,1557,7.6,181,350,90,71.1,0.4,1596,7.5,17,162,18,66.7,0.00,1606,,70.4,95.6,90.6,53.7,92.1,66.9,94.6,100
Normal_situation,29156,2.50,7.7,206,451,194,69.1,4.5,1249,7.7,206,220,61.8,4.0,1219,7.7,111,282,124,77.4,0.3,1233,7.5,16,118,19,84.2,0.03,1338,46.1,43.6,92.5,85.6,58.2,92.2,73.8,90.2,99.4
Normal_situation,39246,2.00,7.8,172,506,200,69.0,5.0,1865,7.8,208,248,66.1,6.5,1929,7.8,164,463,100,78.0,0.6,1825,7.6,19,157,27,87.0,0.02,1616,21.2,59.7,90.8,88.4,66.1,89.0,69.0,86.5,99.6
Normal_situation,40376,,8.1,204,333,174,67.8,3.0,2390,7.8,231,156,74.4,2.5,2540,7.8,136,325,78,79.5,0.4,2580,7.6,32,153,98,87.8,0.00,2550,41.1,50.0,84.0,76.5,52.9,84.3,54.1,43.7,100
Normal_situation,40923,3.50,7.6,146,329,188,57.4,2.5,1300,7.6,162,132,63.6,2.0,1324,7.6,109,243,88,81.8,0.2,1467,7.5,19,94,41,82.9,0.02,1545,32.7,33.3,90.0,82.6,61.3,87.0,71.4,78.2,99.2
Normal_situation,43830,1.5,7.8,177,512,214,58.9,5.5,1605,7.7,164,256,71.9,5.5,1599,7.7,118,320,70,88.6,0.4,1401,7.6,25,203,20,85.0,0.00,1110,28.0,72.7,92.7,78.8,36.6,85.9,60.4,90.7,100
Normal_situation,39165,1.20,7.4,250,447,252,61.1,7.0,1533,7.4,275,216,57.4,6.5,1501,7.4,138,269,90,73.3,0.5,1458,7.3,14,9,20,82.5,0.00,1402,49.8,58.3,92.3,89.9,96.8,94.4,98.1,92.1,100
Normal_situation,35791,1.20,7.8,277,466,246,63.4,4.0,1556,7.7,,288,65.3,6.0,1846,7.7,166,419,174,80.5,1.3,1664,7.5,24,124,26,82.7,0.03,1606,,39.6,78.3,85.5,70.4,91.3,73.4,89.4,99.4
Normal_situation,37419,1.20,7.6,219,446,222,61.3,5.5,1600,7.7,266,240,70.0,5.0,1645,7.6,172,345,102,84.3,0.4,1670,7.5,42,175,53,84.2,0.02,1780,35.3,57.5,92.0,75.6,49.3,80.8,60.8,76.1,99.6
Normal_situation,40983,3.00,7.6,182,431,214,57.0,7.0,1591,7.5,219,248,58.1,5.5,1473,7.5,175,376,88,65.9,0.4,1537,7.5,23,120,25,68.0,0.00,1597,20.1,64.5,93.6,86.9,68.1,87.4,72.2,88.3,100
Normal_situation,42217,8.50,7.5,138,333,240,55.0,3.8,1087,7.5,153,184,67.4,4.0,1109,7.5,108,194,82,85.4,0.4,1136,7.1,16,62,17,94.1,0.00,1223,29.4,55.4,91.3,85.2,68.0,88.4,81.4,92.9,100
Normal_situation,47665,1.20,7.7,156,405,200,74.0,4.0,1856,7.6,178,184,71.7,3.5,1976,7.5,128,302,92,78.3,0.3,1920,7.6,19,71,23,78.3,0.01,1706,28.1,50.0,91.4,85.2,76.5,87.8,82.5,88.5,99.8
Normal_situation,44314,3.00,7.8,155,389,308,49.4,6.0,1927,7.7,252,308,49.4,6.5,2150,7.7,121,302,108,72.2,0.6,1950,7.6,15,87,23,69.7,0.00,1869,52.0,64.9,90.8,87.6,71.2,90.3,77.6,92.5,100
Normal_situation,40841,1.00,7.6,179,389,168,69.0,3.5,1240,7.8,202,272,72.1,6.0,1381,7.8,148,302,92,78.3,0.3,1425,7.9,16,83,20,85.0,0.00,1416,26.7,66.2,95.0,89.2,72.5,91.1,78.7,88.1,100
Normal_situation,41157,3.00,8.0,145,398,192,66.7,4.5,2240,8.0,213,240,61.7,6.0,2010,8.0,140,287,84,78.6,0.4,2270,7.8,15,87,21,81.0,0.00,2290,34.3,65.0,94.2,89.3,69.7,89.7,78.1,89.1,100
Normal_situation,40078,1.40,7.9,198,464,228,64.9,4.6,1431,7.6,243,272,64.7,7.5,1606,7.8,177,319,88,81.8,0.2,1556,7.8,17,102,22,81.8,0.00,1475,27.2,67.6,97.3,90.4,68.0,91.4,78.0,90.4,100
Normal_situation,44365,7.50,7.9,,365,212,62.3,3.5,1339,7.9,,184,65.2,4.7,1380,7.8,,321,92,73.9,0.5,1386,7.5,,75,20,75.0,0.05,1377,,50.0,89.4,,76.6,,79.5,90.6,98.6
Normal_situation,43080,4.25,7.8,95,349,136,76.5,2.5,1063,7.8,132,188,74.5,2.0,1139,7.8,123,317,98,69.4,0.4,1218,7.5,19,67,24,83.3,0.00,1220,6.8,47.9,80.0,84.6,78.9,80.0,80.8,82.4,100
Normal_situation,29414,3.00,7.6,160,374,168,69.0,3.1,1042,7.6,220,246,69.9,4.6,1057,7.6,126,299,112,75.0,0.2,1085,7.4,19,79,28,82,0.00,1087,42.7,54.5,95.7,84.9,73.6,88.1,78.9,83.3,100
Normal_situation,37312,1.00,8.1,205,492,192,70.8,4.0,1454,8.1,,200,72.0,5.5,1489,7.9,217,433,134,79.1,0.3,1423,7.7,32,114,37,83.8,0.00,1275,,33.0,94.5,85.3,73.7,84.4,76.8,80.7,100
Normal_situation,38568,0.70,8.2,233,506,204,66.7,6.7,1692,8.3,218,212,66.0,10.5,1614,7.9,188,355,88,81.8,0.2,1516,7.5,47,116,59,81.4,0.05,1483,13.8,58.5,98.6,75.0,67.3,79.8,77.1,71.1,99.3
Normal_situation,38655,1.50,7.9,179,344,172,65.1,3.8,1379,8.0,148,156,74.4,4.0,1412,7.8,155,301,86,81.4,0.2,1426,7.5,26,97,35,82.9,0.00,1470,,44.9,95.0,83.2,67.8,85.5,71.8,79.7,100
Normal_situation,34193,2.00,8.0,166,396,176,70.5,4.0,1265,8.0,178,188,70.2,5.5,1380,7.8,165,368,90,77.8,0.2,1434,7.5,26,106,31,83.9,0.00,1442,7.3,52.1,96.4,84.2,71.2,84.3,73.2,82.4,100
Normal_situation,36332,3.50,7.9,120,455,184,67.4,4.0,1224,8.1,205,188,68.1,5.5,1217,7.7,168,333,90,77.8,0.2,1353,7.6,24,98,32,81.3,0.00,1420,18.0,52.1,96.4,85.7,70.6,80.0,78.5,82.6,100
Normal_situation,32484,0.90,7.5,,388,170,76.5,3.5,1130,7.6,,178,75.3,4.0,1149,7.7,164,310,102,82.4,0.2,1212,7.5,22,89,33,90.9,0.05,1274,,42.7,96.3,86.6,71.3,,77.1,80.6,98.6
Normal_situation,37724,1.00,7.9,,526,206,70.9,5.5,1422,7.9,,218,71.6,6.0,1461,7.8,175,382,108,81.5,0.2,1595,7.5,34,128,40,84.2,0.02,1342,,50.5,96.7,80.6,66.5,,75.7,80.6,99.6
Normal_situation,36446,1.00,7.7,,710,366,55.7,6.5,2400,7.8,,256,62.5,6.0,2450,7.8,192,450,120,66.7,0.5,2330,7.6,,295,88,76.1,0.25,2390,,53.1,92.5,,34.4,,58.5,76.0,96.2
Normal_situation,35636,1.20,8.0,203,469,264,65.2,5.2,1489,8.1,,304,65.8,8.5,1690,7.9,155,361,100,80.0,0.4,1718,7.5,23,97,38,88.4,0.05,1716,,67.1,95.3,85.2,73.1,88.7,79.3,85.6,99.0
Normal_situation,34746,1.00,7.7,208,427,192,75.0,4.5,1426,7.7,195,236,74.6,7.0,1375,7.7,186,334,104,80.8,0.4,1518,7.4,27,78,33,84.8,0.00,1636,4.6,55.9,94.3,85.5,76.6,87.0,81.7,82.8,100
Normal_situation,34893,1.20,8.0,235,,228,75.4,7.0,1532,8.0,232,252,77.8,8.0,1532,7.8,165,345,92,80.4,0.3,1478,7.6,25,125,25,90.6,0.00,1445,28.9,63.5,96.9,84.8,63.8,89.4,,89.0,100
Normal_situation,37102,2.00,7.8,196,353,174,67.8,4.0,1315,7.8,152,162,76.5,3.0,1322,7.7,127,270,100,74.0,0.8,1337,7.6,24,71,24,91.7,0.02,1509,16.4,38.3,73.3,81.1,73.7,87.8,79.9,86.2,99.5
Normal_situation,41598,1.2,8.2,194,419,186,72.0,0.4,1310,8.0,210,208,71.2,4.5,1333,7.9,157,341,118,72.9,1.0,1474,7.6,23,71,33,78.7,0.02,1340,25.2,43.3,77.8,85.4,79.2,88.1,83.1,82.3,94.3
Normal_situation,38058,1.00,7.8,193,424,170,74.1,4.0,1406,7.7,226,356,71.9,4.5,1324,7.7,187,352,118,78.0,0.5,1360,7.5,24,88,29,87.4,0.02,1445,17.3,66.9,90.0,87.2,75.0,87.6,79.2,82.9,99.5
Normal_situation,40716,3.50,8.1,,524,222,67.6,5.8,1597,8.1,230,248,66.1,7.5,1512,7.9,154,300,96,77.1,0.5,1521,7.4,29,76,25,84.0,0.00,1422,33.0,61.3,93.3,81.2,74.7,,85.5,88.7,100
Normal_situation,40868,1.50,8.1,206,490,190,68.4,5.2,1392,8.0,220,224,69.6,6.0,1505,8.1,178,363,92,80.4,0.4,1532,7.7,16,86,26,82.1,0.00,1574,19.1,58.9,93.3,91.0,76.3,92.2,82.4,86.3,100
Normal_situation,36358,2.00,7.7,192,298,162,67.9,4.0,1241,7.7,160,188,68.1,4.5,1243,7.7,118,278,110,74.5,0.7,1285,7.5,30,98,45,74.1,0.05,1399,26.3,41.5,84.4,74.6,64.7,84.4,67.1,72.2,98.8
Normal_situation,40879,1.20,7.6,,435,196,68.4,4.5,1421,7.7,,264,69.7,7.0,1469,7.7,,408,120,73.3,0.6,1532,7.6,,102,23,84.1,0.02,1354,,54.5,91.4,,75.0,,76.6,88.3,99.6
Normal_situation,44150,1.00,8.1,,516,164,75.6,3.5,1548,8.1,,232,74.1,5.5,1545,7.9,,326,94,93.6,0.6,1415,7.6,,113,37,95.5,0.02,1409,,59.5,90.0,,65.3,,78.1,77.4,99.4
Normal_situation,45779,3.00,7.8,,376,194,68.5,5.0,2020,7.8,,276,62.3,7.5,2390,7.7,,326,82,68.3,0.4,2260,7.6,,66,15,93.3,0.00,2400,,70.3,94.7,,79.8,,82.4,92.3,100
Normal_situation,41230,0.35,7.6,120,344,136,54.4,4.5,993,7.5,,188,55.3,3.0,972,7.6,,259,70,48.6,0.2,921,7.5,16,97,17,51.8,0.03,903,,62.8,93.3,,62.5,86.7,71.8,87.5,99.4
Normal_situation,37386,1.40,7.9,165,470,170,76.5,4.0,1365,7.9,,192,70.8,4.5,1399,7.9,156,368,96,72.9,0.3,1338,7.6,22,97,18,80.6,0.00,1481,,50.0,94.4,85.9,73.6,86.7,79.4,89.4,100
Normal_situation,34535,1.00,7.8,232,518,220,65.5,5.5,1617,7.9,230,202,71.3,4.0,1593,7.8,155,364,76,81.6,0.2,1594,7.5,29,146,31,77.4,0.01,1492,32.6,62.4,95.0,81.3,59.9,87.5,71.8,85.9,99.8
Normal_situation,32527,3.00,7.8,187,460,180,67.8,5.2,1832,7.9,219,236,66.1,5.5,1920,7.8,190,355,100,80.0,0.3,1646,7.5,28,105,30,82,0.00,1590,13.2,57.6,95.5,85.3,70.4,85.0,77.2,83.3,100
Normal_situation,27760,1.20,7.6,199,466,186,74.2,4.5,1220,7.5,225,176,81.8,4.0,1208,7.5,139,314,94,87.2,0.2,1315,7.4,21,122,25,84.0,0.02,1411,38.2,46.6,95.0,84.9,61.1,89.4,73.8,86.6,99.6
Normal_situation,36281,2.00,7.8,,612,226,70.8,8.0,1544,7.9,,268,65.7,8.0,1503,7.8,158,259,100,80.0,0.4,1443,7.5,38,106,34,86.7,0.02,1239,,62.7,95.6,75.9,59.1,,82.7,85.0,99.8
Normal_situation,38055,3.50,7.8,221,524,188,72.3,5.0,1540,7.9,,252,77.8,4.5,1477,7.8,128,299,82,90.2,0.2,1506,7.5,29,136,39,83.7,0.02,1503,,67.5,95.6,77.3,54.5,86.9,74.0,79.3,99.6
Normal_situation,34064,1.00,8.1,230,535,242,66.9,6.5,1652,7.9,,264,69.7,5.4,1700,7.9,174,322,100,72.0,0.3,1577,7.5,28,101,36,83.3,0.05,1552,,62.1,94.4,83.9,68.6,87.8,81.1,85.1,99.2
Normal_situation,31447,3.50,7.9,190,374,192,70.8,6.5,1494,7.8,204,184,71.1,4.5,1462,7.7,121,259,100,82.0,0.5,1562,7.5,21,108,22,84.1,0.05,1596,40.7,45.7,88.9,82.6,58.3,88.9,71.1,88.5,99.2
Normal_situation,32127,17,7.7,,526,292,63.7,7.5,2240,7.6,244,344,62.8,9.0,2220,7.7,193,450,134,70.1,1.3,2450,7.5,28,92,36,80.6,0.01,2580,20.9,61.0,85.6,85.5,79.6,,82.5,87.7,99.9
Normal_situation,31059,3.50,7.8,202,431,200,74.0,5.0,1302,7.7,199,184,78.3,4.7,1307,7.6,124,269,96,75.0,0.4,1334,7.4,17,63,20,85.0,0.05,1473,37.7,47.8,91.5,86.3,76.6,91.6,85.4,90.0,99.0
Normal_situation,36470,4.50,7.8,227,526,212,68.9,4.5,1542,7.8,232,240,75.0,5.5,1583,7.8,172,411,106,83.0,0.2,1607,7.4,30,99,41,85.4,0.05,1395,25.9,55.8,96.4,82.6,75.9,86.8,81.2,80.7,98.9
Normal_situation,47449,1.70,7.8,170,401,158,67.1,4.0,1292,7.8,184,172,69.8,3.5,1413,7.8,167,345,102,74.5,0.7,1568,7.5,26,87,27,77.8,0.05,1635,9.2,40.7,80.0,84.4,74.8,84.7,78.3,82.9,98.8
Normal_situation,43940,3.50,7.8,149,361,186,62.4,3.2,1651,7.8,204,204,66.7,5.0,1751,7.9,155,345,106,69.8,0.5,1623,7.5,27,103,38,81.6,0.05,1597,24.0,48.0,90.0,82.6,70.1,81.9,71.5,79.6,98.4
Normal_situation,40347,1.75,7.7,155,338,132,69.7,2.7,1332,7.7,180,160,68.8,2.5,1366,7.7,152,319,94,72.3,0.6,1442,7.4,22,87,27,77.8,0.05,1482,15.6,41.3,76.0,85.5,72.7,85.8,74,79.5,98.1
Normal_situation,40267,1.8,7.9,180,433,186,72.0,4.0,1729,7.9,200,174,75.9,3.7,1820,7.8,127,354,86,79.1,0.4,1856,7.5,19,110,26,82.5,0.01,1861,36.5,50.6,89.2,85.0,68.9,89.4,74.6,86.0,99.8
Normal_situation,37976,1.00,7.7,148,345,162,77.8,3.2,1432,7.6,145,166,73.5,3.8,1415,7.6,137,302,94,85.1,0.5,1461,7.4,17,60,21,90.5,0.05,1572,5.5,43.4,86.8,87.6,80.1,88.5,82.6,87.0,98.4
Normal_situation,47368,2.00,7.9,156,417,152,73.7,4.5,1608,7.9,207,164,67.1,4.5,1798,7.8,147,321,76,76.3,0.4,1627,7.4,29,99,26,84.6,0.02,1490,29.0,53.7,91.1,80.3,69.2,81.4,76.3,82.9,99.6
Normal_situation,48086,5.00,8.0,247,444,166,73.5,3.5,1700,8.1,207,182,65.9,3.5,1724,7.9,176,360,112,76.8,0.4,1768,7.6,27,52,29,86.2,0.00,1764,15.0,38.5,88.6,84.7,85.6,89.1,88.3,82.5,100
Normal_situation,47642,5.00,7.9,157,428,204,53.9,4.0,1989,7.7,187,250,52.8,4.5,1869,7.8,219,303,90,68.9,0.4,1735,7.5,19,73,18,75.0,0.00,1800,,64.0,92.2,91.3,75.9,87.9,82.9,91.2,100
Normal_situation,43174,4.50,7.7,179,420,158,68.4,2.5,1260,7.7,200,160,68.8,3.5,1256,7.8,183,376,110,70.9,1.0,1369,7.4,23,136,17,88.2,0.00,1365,8.5,31.3,71.4,87.4,63.8,87.2,67.6,89.2,100
Normal_situation,39891,2.00,7.6,178,416,188,60.6,4.5,1301,7.6,174,166,69.9,3.5,1267,7.6,164,368,106,69.8,0.4,1280,7.3,22,140,20,70.0,0.00,1262,5.7,36.1,88.6,86.6,62.0,87.6,66.3,89.4,100
Normal_situation_over,32257,3.50,7.5,246,583,504,45.2,7.3,1016,7.5,228,436,42.2,7.5,1079,7.5,85,236,76,68.4,0.5,1088,7.3,21,75,25,72.0,0.05,1164,62.7,82.6,94.0,75.3,68.2,91.5,87.1,95.0,99.3
Normal_situation,40498,10,8.1,202,476,300,49.3,3.7,1636,8.0,206,252,50.8,3.5,1579,7.9,186,394,108,72.2,1.3,1413,7.5,27,75,22,90.9,0.05,1291,9.7,57.1,62.9,85.5,81.0,86.6,84.2,92.7,98.6
Normal_situation,40221,2.00,8.1,177,407,172,58.1,2.5,1379,8.0,231,248,54.8,4.6,1454,8.0,188,379,108,72.2,0.7,1529,7.5,27,95,26,76.9,0.00,1542,18.6,56.5,84.8,85.6,74.9,84.7,76.7,84.9,100
Normal_situation,46669,1.75,7.8,,340,168,71.4,2.3,1477,7.8,,228,64.9,4.5,1379,7.8,,368,110,72.7,0.6,1550,7.6,,,,,,1445,,51.8,86.7,,,,,,
Normal_situation,34669,1.20,7.8,198,381,216,51.9,3.5,1415,7.8,183,220,56.4,3.5,1453,7.7,123,246,76,78.9,0.2,1432,7.7,29,91,26,80.8,0.05,1390,32.8,65.5,94.3,76.4,63.0,85.4,76.1,88.0,98.6
Normal_situation,41824,1.20,7.8,161,281,164,58.5,2.3,1075,7.8,144,192,53.1,2.5,1068,7.8,118,233,88,70.5,0.4,1121,7.8,14,63,19,73.7,0.01,1246,18.1,54.2,84.0,88.1,73.0,91.3,77.6,88.4,99.6
Normal_situation,51520,2.00,7.3,156,336,192,62.5,5.5,1320,7.8,158,184,56.5,4.0,1327,7.6,79,198,92,63.0,0.3,1175,7.9,15,59,19,78.9,0.01,1054,50.0,50.0,92.5,81.0,70.2,90.4,82.4,90.1,99.8
Normal_situation_over,39421,1.00,7.9,189,457,1004,25.5,24,1218,7.8,234,1384,25.4,35.0,1257,7.7,156,323,140,65.7,0.3,1308,7.8,19,79,21,81.0,0.05,1172,33.3,89.9,99.1,87.8,75.5,89.9,82.7,97.9,100
Normal_situation,36131,1.00,7.9,215,500,252,61.9,4.7,1512,7.8,233,348,49.4,7.5,1427,7.8,147,327,102,68.6,0.3,1436,7.9,25,75,23,78.3,0.01,1409,36.9,70.7,96.0,83.0,77.1,88.4,85.0,90.9,99.8
Normal_situation,33251,1.00,7.6,225,578,256,65.6,5.5,1510,7.6,224,276,53.6,6.5,1486,7.7,119,319,102,64.7,0.3,1492,7.6,15,151,25,76.8,0.05,1461,46.9,63.0,95.4,87.4,52.7,93.3,73.9,90.2,99.1
Normal_situation,35789,1.50,7.4,316,533,264,54.5,5.5,1361,7.4,352,344,46.5,6.5,1453,7.5,190,361,160,51.3,1.5,1518,7.5,39,150,54,74.1,0.10,1506,46.0,53.5,76.9,79.5,58.4,87.7,71.9,79.5,98.2
Normal_situation_over,40106,0.60,7.8,238,504,292,58.9,6.5,1109,7.8,361,352,51.1,7.0,1113,7.8,147,256,128,65.6,0.8,1113,8.0,19,80,20,70.0,0.05,1238,59.3,63.6,88.6,87.1,68.8,92.0,84.1,93.2,99.2
Normal_situation_over,45191,2.00,8.0,125,324,362,35.9,5.0,1093,7.7,297,804,32.8,13.0,1086,7.9,84,204,124,53.2,0.6,1105,7.9,28,128,14,74.3,0.02,1008,71.7,84.6,95.4,66.7,37.3,77.6,60.5,96.1,99.6
Normal_situation_over,43308,1.40,7.9,265,330,562,27.4,7.5,1866,7.9,242,680,30.0,12.5,1858,7.9,133,206,120,48.3,0.6,1850,7.8,24,70,11,61.8,0.02,1800,45.0,82.4,95.2,82.0,66.0,90.9,78.8,98.0,99.7
Normal_situation_over,37615,1.20,7.8,199,404,232,53.4,5.0,1310,7.8,416,544,43.4,11.0,1366,7.7,143,299,114,61.4,0.4,1466,7.6,25,85,19,65.3,0.00,1404,65.6,79.0,96.4,82.5,71.6,87.4,79.0,91.8,100
Normal_situation_over,42596,3.00,7.7,138,259,456,22.8,4.0,1007,7.6,160,584,26.7,7.5,1039,7.6,101,176,126,47.6,0.5,1113,7.6,22,59,16,68.8,0.00,1194,36.9,78.4,93.3,78.2,66.5,84.1,77.2,96.5,100
Normal_situation_over,41948,1.50,7.7,198,396,216,52.8,3.0,1282,7.8,245,328,47.6,5.0,1321,7.7,109,244,120,56.7,0.3,1304,7.8,23,105,32,71.3,0.02,1295,55.5,63.4,94.0,78.9,57.0,88.4,73.5,85.2,99.3
Normal_situation_over,34647,1.00,7.5,193,342,260,50.8,3.0,985,7.6,230,424,44.3,6.0,1008,7.6,132,223,174,50.6,0.4,992,7.3,,,22,69.1,0.00,1218,42.6,59.0,93.3,,,,,91.5,100
Normal_situation_over,36967,1.00,7.6,202,426,248,80.6,5.5,2310,7.7,326,404,56.4,7.0,2180,7.7,142,280,146,65.8,0.6,1909,7.7,33,92,23,73.0,0.02,1813,56.4,63.9,92.1,76.8,67.1,83.7,78.4,90.7,99.6
Normal_situation,32929,1.20,7.8,246,641,376,56.4,6.0,1683,7.8,265,378,58.2,8.0,1724,7.9,132,338,170,63.5,1.7,1710,7.9,31,100,34,79.4,0.02,1742,50.2,55.0,79.4,76.5,70.4,87.4,84.4,91.0,99.7
Normal_situation_over,32575,2.00,7.7,244,607,380,53.7,6.0,2160,7.8,242,436,54.1,8.0,2220,7.9,139,353,164,45.9,1.8,2120,8.0,18,104,26,72.3,0.00,2270,42.6,62.4,77.5,87.1,70.5,92.6,82.9,93.2,100
Normal_situation_over,30019,4.50,7.6,175,416,224,51.8,4.5,1463,7.7,183,214,57.0,3.5,2120,7.7,105,274,104,62.9,0.8,2250,7.9,18,,21,66.7,0.05,2610,42.6,51.4,77.1,82.9,,89.7,,90.6,98.9
Normal_situation,27711,1.50,7.4,342,400,232,64.7,4.5,1858,7.6,259,284,60.6,6.0,1907,7.6,133,278,86,72.1,0.2,1835,7.6,23,106,38,76.8,0.02,1511,48.6,69.7,96.7,82.7,61.9,93.3,73.5,83.6,99.6
Normal_situation_over,33999,1.50,7.5,191,488,506,35.6,6.3,2590,7.4,172,580,41.4,7.8,2530,7.6,102,267,84,71.4,0.2,2670,7.7,22,110,33,75.0,0.08,2850,40.7,85.5,97.4,78.4,58.8,88.5,77.5,93.5,98.8
Normal_situation_over,33959,2.00,7.7,235,614,692,29.5,8.0,1589,7.7,242,716,31.8,9.5,1632,7.7,94,246,244,23.8,0.2,1588,7.9,16,90,52,29.2,0.00,1625,61.2,65.9,98.4,83.0,63.4,93.2,85.3,92.5,100
Normal_situation,33290,1.00,7.7,128,392,236,59.3,3.2,2100,7.6,130,176,56.8,4.0,2200,7.7,118,272,88,59.1,0.2,2010,7.8,,164,49,67.3,0.05,2070,9.2,50.0,95.0,,39.7,,58.2,79.2,98.4
Normal_situation_over,33877,1.50,7.6,166,452,320,46.3,4.5,1160,7.7,221,388,47.4,5.5,1137,7.7,87,216,76,73.7,0.2,1147,7.8,19,56,28,75.0,0.10,1148,60.6,80.4,97.3,78.2,74.1,88.6,87.6,91.3,97.8
Normal_situation_over,26871,2.00,7.3,139,369,284,49.3,4.0,991,7.5,161,312,44.9,4.0,986,7.3,87,198,90,62.2,0.1,978,7.5,19,116,34,72.9,0.02,1070,46.0,71.2,97.5,78.2,41.4,86.3,68.6,88.0,99.5
Normal_situation_over,37634,2.00,8.1,151,,268,47.8,3.5,1732,8.0,160,248,59.7,3.0,1803,8.0,85,,84,69.0,0.2,1721,8.2,12,,17,77.6,0.00,1643,46.9,66.1,93.3,85.9,,92.1,,93.7,100
Normal_situation_over,32909,0.40,7.5,221,391,260,46.2,4.3,2140,7.5,173,244,52.5,4.5,2090,7.5,112,261,74,78.4,0.2,2000,7.6,17,127,20,78.0,0.00,1950,35.3,69.7,96.7,84.8,51.3,92.3,67.5,92.3,100
Normal_situation_over,44601,1.70,7.5,140,231,360,,4.0,806,7.5,146,328,,3.5,811,7.5,79,145,64,,0.2,834,7.6,12,39,11,,0.02,905,45.9,80.5,94.3,84.8,73.1,91.4,83.1,96.9,99.5
Normal_situation_over,43614,6.50,7.8,143,400,472,,6.5,2230,7.8,95,226,,4.0,2160,7.8,97,235,74,,0.3,2170,7.8,14,82,12,,0.02,1910,,67.3,93.8,85.6,65.1,90.2,79.5,97.5,99.7
Normal_situation,40529,4.50,7.7,192,253,186,,5.0,1818,7.6,250,194,,4.5,1745,7.5,108,197,80,,0.3,1625,7.5,14,48,13,,0.02,1726,56.8,58.8,94.4,87.0,75.6,92.7,81.0,93.0,99.6
Normal_situation,38231,0.80,7.7,124,234,120,,1.8,1550,7.9,123,220,,4.0,1651,7.8,87,156,76,,0.2,1586,7.9,18,84,74,,0.20,1661,29.3,65.5,95.0,79.3,46.2,85.5,64.1,38.3,88.9
Normal_situation_over,36909,1.30,7.6,172,394,226,51.3,5.5,1324,7.6,197,302,47.0,4.0,1306,7.7,119,257,92,65.2,0.2,1368,7.8,14,74,13,70.8,0.00,1418,39.6,69.5,96.3,88.2,71.2,91.9,81.2,94.2,100
Normal_situation_over,37002,1.70,7.6,268,324,226,53.1,4.0,1390,7.6,265,236,53.4,4.5,1389,7.6,110,179,98,69.4,0.2,1352,7.7,13,97,15,69.3,0.02,1358,58.5,58.5,95.6,88.2,45.8,95.1,70.1,93.4,99.5
Normal_situation_over,43377,6.50,7.6,176,200,176,50.0,3.0,859,7.6,149,172,51.2,2.0,860,7.6,90,178,76,65.8,0.2,926,7.7,13,45,18,68.9,0.02,1020,39.6,55.8,90.0,85.6,74.7,92.6,77.5,89.8,99.3
Normal_situation_over,37862,5.00,7.6,146,243,164,57.3,3.2,1095,7.6,193,208,55.8,3.0,1089,7.6,68,165,86,76.7,0.3,1095,7.7,6,59,14,82.9,0.00,1095,64.8,58.7,91.7,91.2,64.2,95.9,75.7,91.5,100
Normal_situation_over,35809,5.00,7.8,139,380,256,53.1,5.5,2040,7.8,201,340,47.6,8.5,2000,7.9,131,278,104,73.1,0.2,1950,7.9,11,51,8,57.5,0.02,1690,34.8,69.4,97.6,91.6,81.7,92.1,86.6,96.9,99.6
Normal_situation_over,35729,2.50,7.9,205,529,264,61.4,6.5,2750,7.9,220,324,60.5,6.0,2850,7.8,111,325,90,73.3,0.3,2550,7.8,11,,9,62.2,0.00,2500,49.5,72.2,95.0,90.1,,94.6,,96.6,100
Normal_situation_over,15519,3.60,7.6,148,400,564,31.6,7.0,1554,7.6,235,798,28.6,11.0,1515,7.6,49,151,120,48.3,0.4,1259,7.7,11,54,9,80.0,0.00,1267,79.1,85.0,96.8,77.6,64.2,92.6,86.5,98.4,100
Normal_situation_over,49986,2.71,7.8,158,256,194,47.4,3.0,1831,7.8,218,240,46.7,4.0,1860,7.8,94,198,98,59.2,0.3,1862,7.7,10,66,9,75.6,0.00,1813,56.9,59.2,92.5,89.4,66.7,93.7,74.2,95.4,100
Normal_situation_over,51575,2.42,7.7,123,246,186,39.8,2.5,1288,7.7,241,300,25.3,4.5,1328,7.7,101,202,86,37.2,0.2,1287,7.7,12,70,15,56.0,0.02,1317,58.1,71.3,95.6,88.1,65.3,90.2,71.5,91.9,99.2
Normal_situation_over,44869,0.90,7.7,133,410,204,62.7,4.5,1490,7.7,161,256,57.8,4.5,1421,7.7,69,251,88,68.2,0.3,1386,7.7,8,144,11,80.0,0.02,1361,57.1,65.6,94.4,88.4,42.6,94.0,64.9,94.6,99.6
Normal_situation_over,43491,1.00,7.5,237,388,178,57.3,4.0,1620,7.6,300,240,53.3,4.5,1571,7.7,113,243,84,69.0,0.2,1631,7.8,12,76,12,86.7,0.02,1590,62.3,65.0,95.6,89.4,68.7,94.9,80.4,93.3,99.5
Normal_situation_over,45453,1.60,7.7,203,357,222,58.6,3.0,1828,7.6,215,208,73.1,5.0,1817,7.6,98,169,86,65.1,0.2,1890,7.6,9,73,13,,0.00,1868,54.4,58.7,96.0,90.8,56.8,95.6,79.6,94.1,100
Normal_situation,37190,1.14,7.8,199,380,244,55.7,5.0,1453,7.8,110,196,60.2,3.5,1430,7.8,104,204,116,72.4,1.5,1436,7.9,13,43,15,74.7,0.00,1458,5.5,40.8,57.1,87.5,78.9,93.5,88.7,93.9,100
Normal_situation_over,40067,3.40,7.8,214,941,304,53.3,6.5,1454,7.8,396,320,57.5,7.0,1528,7.8,107,243,106,67.9,0.2,1456,7.9,11,55,14,74.3,0.02,1324,73.0,66.9,97.9,89.7,77.4,94.9,94.2,95.4,99.7
Normal_situation_over,57606,5.35,7.7,208,298,260,37.7,4.0,1236,7.8,245,284,46.5,5.0,1285,7.8,90,220,124,48.4,0.3,1416,7.9,19,,14,82.9,0.00,1611,63.3,56.3,94.0,78.9,,90.9,,94.6,100
Normal_situation_over,46791,2.20,7.9,206,305,188,56.4,4.0,1200,7.9,,272,50.0,6.0,1228,7.9,113,210,88,65.9,0.2,1237,7.9,14,55,10,92.0,0.00,1084,,67.6,97.5,87.6,73.8,93.2,82.0,94.7,100
Normal_situation_over,46852,,7.7,247,361,286,51.0,4.5,1180,7.7,146,212,56.4,2.5,1251,7.7,135,248,134,52.2,0.6,1144,7.9,11,56,10,78.0,0.00,1222,7.5,36.8,76.0,91.9,77.4,95.5,84.5,96.5,100
Normal_situation,38761,4.00,7.5,438,681,370,56.8,6.0,1396,7.6,212,348,64.4,6.0,1446,7.6,148,350,88,77.3,0.2,1356,7.6,15,120,11,70.9,0.00,1311,30.2,74.7,96.7,89.9,65.7,96.6,82.4,97.0,100
Normal_situation,42046,1.95,7.8,255,282,166,67.5,2.0,950,7.8,284,172,65.1,2.0,965,7.8,164,259,112,76.8,0.5,971,7.9,13,56,20,80.0,0.02,1093,42.3,34.9,75.0,92.1,78.4,94.9,80.1,88.0,99.0
Normal_situation_over,33322,0.40,7.6,217,315,400,59.0,3.5,2080,7.5,225,376,64.9,4.0,2090,7.4,131,215,67,77.6,0.1,2190,7.5,22,81,28,71.4,0.05,2170,41.8,82.2,97.5,83.2,62.3,89.9,74.3,93.0,98.6
Normal_situation_over,10050,0.40,7.6,208,556,210,52.4,4.0,2340,7.5,244,148,66.2,2.5,2080,7.4,95,205,73,75.3,0.1,2070,7.6,18,75,34,71.8,0.00,2080,61.1,50.7,96.0,81.1,63.4,91.3,86.5,83.8,100
Normal_situation_over,55930,1.20,7.8,223,459,364,45.6,5.5,2220,8.0,220,346,41.0,4.5,2300,7.9,85,199,63,74.6,0.1,2240,8.0,19,56,23,78.3,0.05,2350,61.4,81.8,97.8,77.6,71.9,91.5,87.8,93.7,99.1
Normal_situation_over,52851,0.30,8.1,64,161,172,40.7,2.0,1350,8.0,59,146,45.2,1.1,1315,7.9,44,114,63,63.5,0.1,292,8.1,8,31,14,80.0,0.00,1400,25.4,56.8,90.9,81.8,72.8,87.5,80.7,91.9,100
Normal_situation_over,40585,0.35,8.0,66,152,364,20.3,1.6,1403,8.1,86,412,19.9,2.5,1383,8.0,49,114,80,46.3,0.2,1407,8.0,11,24,12,76.7,0.00,1433,43.0,80.6,92.0,77.6,78.9,83.3,84.2,96.7,100
Normal_situation_over,45027,2.50,7.7,48,156,242,25.6,1.4,1400,7.9,63,266,24.8,1.9,1403,7.8,37,112,84,47.6,0.2,1363,8.0,5,60,12,83.3,0.00,1407,41.3,68.4,89.5,86.5,46.4,89.6,61.5,95.0,100
Normal_situation_low_influent,47338,2.00,8.1,69,126,138,39.1,1.4,882,8.1,150,180,38.9,1.9,902,8.2,53,100,62,59.7,0.1,920,8.0,8,52,9,88.9,0.00,902,64.7,65.6,94.7,84.9,48.0,88.4,58.7,93.5,100
Normal_situation_low_influent,44207,1.20,7.8,70,188,112,48.2,1.3,1031,7.9,125,194,41.2,2.8,1074,7.9,44,101,54,61.1,0.2,1064,8.0,12,53,16,62.5,0.00,1056,64.8,72.2,94.5,72.7,47.5,82.9,71.8,85.7,100
Normal_situation_low_influent,43563,1.00,7.8,95,206,132,43.9,1.5,828,7.8,74,112,57.1,1.2,856,7.9,47,158,62,64.5,0.1,85,7.9,21,99,39,66.7,0.05,891,36.5,44.6,91.7,55.3,37.3,77.9,51.9,70.5,96.7
Normal_situation_low_influent,47718,0.70,7.8,31,81,208,20.2,0.8,715,7.8,32,246,25.2,1.5,714,7.8,,80,233,20.2,0.7,712,7.9,3,25,12,73.3,0.00,831,,5.3,53.3,,68.8,90.3,69.1,94.2,100
Normal_situation_low_influent,42587,2.00,7.8,77,256,248,30.6,2.5,910,7.9,71,270,28.9,3.0,931,7.9,26,120,71,45.1,0.3,917,8.0,7,62,9,93.3,0.00,919,63.4,73.7,90.0,73.1,48.3,90.9,75.8,96.4,100
Normal_situation_low_influent,35098,0.80,7.8,100,256,234,37.6,2.5,993,7.8,97,168,50.0,1.3,953,7.8,,140,95,52.6,0.4,1034,8.0,11,58,10,76.0,0.00,985,,43.5,68.0,,58.6,89.0,77.3,95.7,100
Normal_situation_over,38052,0.80,7.6,94,409,194,57.7,2.5,997,7.6,,192,54.2,2.5,996,7.7,,194,103,57.3,0.7,988,7.9,14,65,11,69.1,0.02,990,,46.4,72.0,,66.5,85.1,84.1,94.3,99.2
Normal_situation,31404,0.80,8.0,,321,160,67.5,2.5,1096,7.9,,164,61.0,2.5,1136,7.9,,179,85,65.9,0.3,1082,8.1,11,98,15,66.7,0.00,1061,,48.2,88.0,,45.3,,69.5,90.6,100
Normal_situation_low_influent,38905,0.30,7.7,58,197,130,64.6,2.0,1135,7.7,85,146,61.6,2.5,1169,7.8,44,123,54,79.6,0.2,1141,7.9,20,42,16,67.5,0.02,1143,48.2,63.0,94.0,54.5,65.9,65.5,78.7,87.7,99.0
Normal_situation_low_influent,38620,0.70,7.5,95,302,176,59.1,3.0,1120,7.6,94,152,59.2,2.5,1145,7.6,48,316,107,64.5,1.2,1155,7.7,19,59,15,77.3,0.05,1040,48.9,29.6,52.0,60.4,81.3,80.0,80.5,91.5,98.3
Normal_situation,34352,0.27,7.4,112,470,172,65.1,4.5,1207,7.4,100,192,64.6,4.0,1208,7.4,74,213,69,72.5,0.2,1175,7.6,14,97,15,72.0,0.01,1162,26.0,64.1,95.0,81.1,54.5,87.5,79.4,91.3,99.8
Normal_situation_low_influent,34785,1.00,7.5,126,397,188,67.0,5.0,1950,7.5,121,190,63.2,3.5,1760,7.6,75,190,68,72.1,0.2,1720,7.7,16,101,15,61.3,0.00,1570,38.0,64.2,95.7,78.7,46.8,87.3,74.6,92.0,100
Normal_situation_low_influent,27109,0.40,7.6,158,276,142,64.8,1.5,1939,7.6,205,278,56.1,7.5,1878,7.6,102,269,123,65.9,1.0,1920,7.7,24,77,21,59.0,0.03,1959,50.2,55.8,86.7,76.5,71.4,84.8,72.1,85.2,98.3
Normal_situation_low_influent,32802,0.70,7.3,203,405,212,67.9,4.5,1922,7.3,,320,61.3,8.5,1874,7.4,97,225,74,78.4,0.3,1820,7.4,22,114,24,70.8,0.10,1796,,76.9,97.1,77.3,49.3,89.2,71.9,88.7,97.8
Normal_situation,35876,0.50,7.9,81,448,296,,,1315,7.7,128,380,,,1355,7.8,65,319,70,,,1401,7.9,27,123,33,,,1525,49.2,81.6,,58.5,61.4,66.7,72.5,88.9,
Normal_situation_low_influent,41410,0.60,7.9,85,269,110,,1.5,1342,7.8,139,198,,4.0,1325,7.8,65,168,65,,0.2,1362,7.9,15,,23,,0.00,1375,53.2,67.2,95.0,76.9,,82.4,,79.1,100
Normal_situation_over,40933,1.50,7.8,120,303,290,,4.5,1818,7.8,125,250,,4.0,1800,7.8,78,192,68,,0.2,1846,7.9,10,76,10,,0.02,1723,37.6,72.8,95.0,87.2,60.4,91.7,74.9,96.6,99.6
Normal_situation,34764,0.90,7.5,127,284,188,,2.8,2260,7.6,143,222,,3.5,2500,7.6,114,192,92,,0.4,2140,7.7,,62,14,,0.00,2100,20.3,58.6,90.0,,67.7,,78.2,92.6,100
Normal_situation,39489,0.90,7.8,131,320,166,,2.5,1680,7.8,135,196,,2.5,1690,7.8,90,214,88,,0.2,1551,7.8,15,74,14,,0.02,1672,33.3,55.1,92.0,83.3,65.4,88.5,76.9,91.6,99.2
Normal_situation_over,42230,0.70,8.1,132,288,144,,1.3,1581,8.3,143,196,,3.0,1705,8.3,80,184,74,,0.2,1717,8.3,11,64,13,,0.00,1720,44.1,62.2,93.3,86.3,65.2,91.7,77.8,91.0,100
Normal_situation_low_influent,29388,0.83,8.2,339,713,356,72.5,10,2170,8.0,334,584,83.6,8.5,2110,7.9,223,372,116,84.5,1.3,2140,7.6,17,83,12,71.7,0.01,2330,33.2,80.1,84.7,92.4,77.7,95.0,88.4,96.6,99.9
Normal_situation,30935,2.00,8.1,255,550,214,69.2,5.5,1919,8.2,227,246,67.5,8.0,1917,8.1,161,372,100,78.0,0.2,1815,7.8,18,87,22,81.8,0.00,1690,29.1,59.3,97.5,88.8,76.6,92.9,84.2,89.7,100
Normal_situation_low_influent,26348,1.00,8.1,253,473,212,79.3,7.0,1990,8.1,250,246,74.8,6.0,1950,8.1,202,384,112,82.1,0.2,2220,7.7,23,105,22,89.1,0.01,2130,19.2,54.5,96.7,88.6,72.7,90.9,77.8,89.6,99.9
Normal_situation_low_influent,28680,1.70,8.1,256,539,188,74.5,4.7,1803,8.1,337,218,75.2,5.2,1732,8.1,186,365,102,84.3,0.5,1804,7.8,27,116,23,87.0,0.00,1932,44.8,53.2,90.4,85.5,68.2,89.5,78.5,87.8,100
Normal_situation_over,32799,5.90,8.4,215,440,190,69.5,,1380,8.3,228,228,67.5,,1408,8.1,113,213,78,76.9,,1362,7.8,9,60,13,76.9,,1379,50.4,65.8,,92.0,71.8,95.8,86.4,93.2,
Normal_situation,33545,1.30,8.2,145,747,310,55.5,6.0,1059,8.2,181,264,53.0,4.7,1056,8.1,118,353,110,65.5,1.0,1082,7.7,15,100,18,77.8,0.02,1210,34.8,58.3,78.7,87.3,71.7,89.7,86.6,94.2,99.7
Normal_situation_low_influent,28791,1.09,8.7,354,539,232,68.1,5.5,1620,8.4,,178,70.8,2.5,1677,8.4,114,356,130,78.5,1.5,1529,7.9,14,67,17,82.4,0.01,1359,,27.0,40.0,87.7,81.2,96.0,87.6,92.7,99.8
Normal_situation_low_influent,27219,1.50,8.3,302,566,212,69.8,5.7,2270,8.3,319,216,68.5,6.3,2240,8.1,,475,144,73.6,1.7,2200,,,,,,,,,33.3,73.0,,,,,,
Normal_situation_low_influent,31849,5.45,8.0,330,511,184,79.3,4.0,2110,8.0,372,212,74.5,5.0,2100,8.1,204,396,128,78.1,1.0,2050,7.7,34,119,33,80.8,0.01,2270,45.2,39.6,80.0,83.3,69.9,89.7,76.7,82.1,99.8
Normal_situation_low_influent,30352,5.90,8.2,324,539,196,77.6,4.5,2090,8.2,282,190,72.6,4.5,2180,8.1,203,396,110,85.5,1.0,2130,7.8,21,89,19,89.5,0.01,2210,28.0,42.1,77.8,89.7,77.5,93.5,83.5,90.3,99.8
Normal_situation_low_influent,32009,2.87,8.1,288,459,216,73.2,,1755,8.0,399,258,71.3,,1690,7.9,183,364,104,76.9,,1729,7.6,18,75,18,84.4,,1750,54.1,59.7,,90.2,79.4,93.8,83.7,91.7,
Normal_situation,34492,0.40,7.9,253,354,162,76.5,3.5,1443,8.0,232,202,71.3,4.0,1455,8.2,162,287,96,81.3,0.5,1520,7.9,16,69,12,90.0,0.01,1689,30.2,52.5,87.5,90.1,76.0,93.7,80.5,92.6,99.7
Normal_situation_low_influent,36452,0.47,8.2,154,310,128,71.9,3.0,1520,8.2,164,148,70.3,3.0,1350,8.1,126,237,82,80.5,0.2,1403,7.7,15,50,11,90.9,0.00,1280,23.2,44.6,93.3,88.1,78.9,90.3,83.9,91.4,100
Normal_situation_low_influent,34361,1.20,8.2,172,345,152,73.7,4.3,1552,8.2,286,156,74.4,3.5,1500,8.2,140,310,74,83.8,0.2,1736,7.8,16,85,14,94.3,0.00,1679,51.0,52.6,94.3,88.6,72.6,90.7,75.4,90.8,100
Normal_situation_low_influent,36432,18.2,8.1,168,334,196,65.3,7.0,2230,8.1,188,188,66.0,4.5,2110,8.2,133,210,74,78.4,0.2,2190,7.8,20,74,20,85.0,0.00,2320,29.3,60.6,95.6,85.0,64.8,88.1,77.8,89.8,100
Normal_situation,37009,1.50,8.3,181,348,184,84.8,4.5,1337,8.3,278,200,78.0,5.5,1479,8.3,124,264,76,89.5,0.2,1544,7.8,21,48,19,90.5,0.00,1605,55.4,62.0,96.4,83.1,81.8,88.4,86.2,89.7,100
Normal_situation_low_influent,37281,1.50,8.1,287,484,308,76.6,5.8,1653,8.1,392,308,75.3,5.5,1640,8.1,155,332,118,83.1,0.3,1777,7.8,22,80,16,92.5,0.05,1880,60.5,61.7,94.5,85.8,75.9,92.3,83.5,94.8,99.1
Normal_situation,28437,1.02,7.9,176,387,162,75.3,3.8,1344,7.9,178,156,79.5,3.0,1331,7.9,155,312,100,84.0,0.6,1420,7.7,17,51,14,71.4,0.00,1468,12.9,35.9,80.0,89.0,83.7,90.3,86.8,91.4,100
